source,frame_idx,track_id,class_id,conf,x1,y1,x2,y2,X,Y,low_conf,in_bounds,stable
weast,1,1,2,0.8798828125,248,230,538,438,272.61151123046875,138.42738342285156,False,True,False
weast,1,2,2,0.494140625,673,236,913,398,572.24462890625,101.83492279052734,True,True,False
weast,1,3,2,0.420654296875,0,232,228,372,74.28385162353516,66.63524627685547,True,True,False
weast,1,4,3,0.329345703125,672,237,911,399,570.4842529296875,102.6334457397461,True,True,False
weast,2,1,2,0.85205078125,255,230,538,434,275.3777160644531,134.6236572265625,False,True,True
weast,2,2,2,0.449462890625,669,236,912,398,570.0416259765625,101.83492279052734,True,True,True
weast,2,3,2,0.390380859375,0,232,228,366,74.31463623046875,64.9559097290039,True,True,True
weast,2,4,3,0.153564453125,669,236,911,398,570.0416259765625,101.83492279052734,True,True,True
weast,3,1,2,0.900390625,263,230,540,428,279.8520202636719,129.2634735107422,False,True,True
weast,3,2,3,0.1175537109375,664,236,908,397,567.3943481445312,101.03550720214844,True,True,True
weast,3,3,2,0.56982421875,0,232,223,372,72.0126724243164,67.47347259521484,True,True,True
weast,3,4,2,0.48828125,667,237,910,392,570.615478515625,96.22022247314453,True,True,True
weast,4,1,2,0.900390625,265,231,541,426,281.5487365722656,127.72445678710938,False,True,True
weast,4,2,3,0.1334228515625,664,276,899,394,566.6177978515625,92.99202728271484,True,True,True
weast,4,3,2,0.57373046875,0,232,222,374,71.99861145019531,68.31074523925781,True,True,True
weast,4,4,2,0.48046875,666,237,911,389,571.789794921875,92.99202728271484,True,True,True
weast,5,1,2,0.89892578125,267,231,540,424,281.9340515136719,125.40958404541016,False,True,True
weast,5,3,2,0.59619140625,0,232,222,364,72.05496215820312,64.9559097290039,True,True,True
weast,5,4,2,0.544921875,665,237,911,395,569.7381591796875,98.63190460205078,True,True,True
weast,6,1,2,0.89404296875,272,231,541,419,284.75177001953125,121.53450012207031,True,True,True
weast,6,3,2,0.490234375,0,232,225,362,72.82274627685547,64.11479949951172,True,True,True
weast,6,4,2,0.537109375,662,237,903,397,564.4553833007812,101.03550720214844,True,True,True
weast,7,1,2,0.87158203125,277,231,543,415,288.3112487792969,117.6380386352539,True,True,True
weast,7,3,2,0.552734375,0,233,224,371,72.77912139892578,66.63524627685547,True,True,True
weast,7,4,2,0.466796875,660,237,895,397,560.78173828125,101.03550720214844,True,True,True
weast,8,1,2,0.83642578125,281,231,545,413,290.75836181640625,116.07343292236328,True,True,True
weast,8,3,2,0.443603515625,0,233,227,360,73.59141540527344,63.272727966308594,True,True,True
weast,8,4,2,0.56396484375,657,235,891,398,558.2924194335938,101.83492279052734,True,True,True
weast,9,1,2,0.84912109375,285,231,547,412,293.0751037597656,115.28983306884766,True,True,True
weast,9,3,2,0.4111328125,0,233,226,351,74.06533813476562,36.68147659301758,True,True,True
weast,9,4,2,0.62255859375,651,234,889,402,553.9427490234375,105.81865692138672,True,True,True
weast,10,1,2,0.8388671875,296,231,550,407,299.0011291503906,110.56999206542969,True,True,True
weast,10,3,2,0.3720703125,0,232,227,355,73.6214828491211,61.58568572998047,True,True,True
weast,10,4,2,0.43408203125,649,232,886,403,551.465576171875,106.61274719238281,True,True,True
weast,11,1,2,0.7744140625,313,230,551,402,306.4312438964844,105.81865692138672,True,True,True
weast,11,3,2,0.2108154296875,0,234,223,351,72.54458618164062,35.807682037353516,True,True,True
weast,11,4,2,0.642578125,645,233,884,401,549.8284301757812,105.023681640625,True,True,True
weast,12,1,2,0.77587890625,319,230,551,401,308.7734680175781,105.023681640625,True,True,True
weast,12,3,2,0.2120361328125,0,235,222,350,72.54458618164062,35.807682037353516,True,True,True
weast,12,4,2,0.640625,643,233,884,401,549.0957641601562,105.023681640625,True,True,True
weast,12,9,3,0.445556640625,641,235,883,398,549.4805297851562,101.83492279052734,True,True,False
weast,13,1,2,0.7705078125,324,230,552,399,311.26519775390625,103.43107604980469,True,True,True
weast,13,3,2,0.46484375,0,233,220,350,71.77642059326172,35.807682037353516,True,True,True
weast,13,4,3,0.248046875,638,235,877,400,545.253662109375,103.43107604980469,True,True,True
weast,13,9,2,0.470703125,641,234,881,398,548.7462158203125,101.83492279052734,True,True,True
weast,14,1,2,0.8173828125,329,230,552,396,313.32476806640625,100.23519897460938,True,True,True
weast,14,3,2,0.611328125,0,233,221,349,71.77642059326172,35.807682037353516,True,True,True
weast,14,4,3,0.30078125,636,235,876,400,544.5201416015625,103.43107604980469,True,True,True
weast,14,9,2,0.60400390625,640,234,881,400,547.4541625976562,103.43107604980469,True,True,True
weast,15,1,2,0.83642578125,338,230,553,394,317.3018798828125,98.63190460205078,True,True,True
weast,15,3,2,0.5927734375,0,232,222,348,72.54458618164062,35.807682037353516,True,True,True
weast,15,4,3,0.25537109375,634,234,872,400,542.3196411132812,103.43107604980469,True,True,True
weast,15,9,2,0.5234375,638,234,879,401,545.4323120117188,105.023681640625,True,True,True
weast,15,14,3,0.529296875,302,298,346,358,234.63429260253906,47.948787689208984,True,True,False
weast,16,1,2,0.83544921875,341,230,553,394,318.7738037109375,98.63190460205078,True,True,True
weast,16,3,2,0.5927734375,0,232,222,348,72.54458618164062,35.807682037353516,True,True,True
weast,16,4,3,0.2568359375,633,234,871,400,541.5861206054688,103.43107604980469,True,True,True
weast,16,9,2,0.521484375,637,235,878,401,544.9765014648438,104.22782135009766,True,True,True
weast,16,14,3,0.529296875,302,298,347,358,234.63429260253906,47.948787689208984,True,True,True
weast,16,16,3,0.38671875,634,298,788,391,516.7413330078125,87.30767059326172,True,True,False
weast,17,1,2,0.830078125,346,230,555,392,321.28790283203125,97.02501678466797,True,True,True
weast,17,3,2,0.5888671875,0,232,224,347,73.31275177001953,35.807682037353516,True,True,True
weast,17,4,3,0.1334228515625,631,234,870,399,540.3937377929688,102.6334457397461,True,True,True
weast,17,9,2,0.420654296875,635,234,877,400,544.5201416015625,103.43107604980469,True,True,True
weast,17,14,3,0.51953125,305,298,352,356,237.90255737304688,46.22639846801758,True,True,True
weast,17,16,3,0.2037353515625,632,298,783,392,513.2494506835938,88.93634033203125,True,True,True
weast,18,1,2,0.79296875,350,230,556,387,324.4283752441406,92.18270874023438,True,True,True
weast,18,3,2,0.5546875,0,232,225,347,73.31275177001953,35.807682037353516,True,True,True
weast,18,4,3,0.45703125,625,234,865,399,536.7241821289062,102.6334457397461,True,True,True
weast,18,9,2,0.37939453125,628,234,867,401,537.3726806640625,105.023681640625,True,True,True
weast,18,14,3,0.517578125,310,293,361,353,243.4695281982422,44.50001907348633,True,True,True
weast,18,16,3,0.139892578125,625,297,780,394,509.0252380371094,90.56135559082031,True,True,True
weast,19,1,2,0.7919921875,350,231,557,385,324.73980712890625,90.56135559082031,True,True,True
weast,19,3,2,0.552734375,0,233,225,347,73.31275177001953,35.807682037353516,True,True,True
weast,19,4,3,0.455078125,623,234,863,400,534.9845581054688,103.43107604980469,True,True,True
weast,19,9,2,0.37939453125,626,234,864,402,535.6356811523438,105.81865692138672,True,True,True
weast,19,14,3,0.517578125,311,292,363,353,244.9969482421875,44.50001907348633,True,True,True
weast,19,16,3,0.1417236328125,623,296,779,395,508.0262451171875,91.37248992919922,True,True,True
weast,19,23,2,0.37939453125,200,232,357,314,203.84017944335938,6.389340400695801,True,True,False
weast,20,1,2,0.841796875,364,232,560,383,331.88043212890625,88.12246704101562,True,True,True
weast,20,3,2,0.525390625,0,234,227,348,74.0809097290039,35.807682037353516,True,True,True
weast,20,4,2,0.39990234375,620,236,860,400,532.7840576171875,103.43107604980469,True,True,True
weast,20,9,3,0.1661376953125,620,236,859,400,532.050537109375,103.43107604980469,True,True,True
weast,20,14,3,0.5,316,292,370,351,249.81402587890625,42.76962661743164,True,True,True
weast,20,16,3,0.26220703125,619,296,786,395,508.76593017578125,91.37248992919922,True,True,True
weast,20,23,2,0.521484375,200,232,369,315,208.44383239746094,7.297762393951416,True,True,True
weast,21,1,2,0.841796875,369,232,561,382,334.2659912109375,87.30767059326172,True,True,True
weast,21,3,2,0.53125,0,234,227,347,74.0809097290039,35.807682037353516,True,True,True
weast,21,4,2,0.401611328125,618,236,858,401,531.047607421875,104.22782135009766,True,True,True
weast,21,9,3,0.1650390625,617,237,857,400,530.5835571289062,103.43107604980469,True,True,True
weast,21,14,3,0.498046875,316,292,372,351,250.57861328125,42.76962661743164,True,True,True
weast,21,16,3,0.262939453125,617,296,788,395,508.76593017578125,91.37248992919922,True,True,True
weast,21,23,2,0.52734375,199,232,372,315,209.3228759765625,6.389340400695801,True,True,True
weast,21,24,2,0.35400390625,531,236,571,277,424.6212463378906,-22.31781578063965,True,True,False
weast,22,1,2,0.873046875,376,233,564,378,338.795654296875,83.21989440917969,True,True,True
weast,22,3,2,0.422607421875,1,235,239,347,79.4393539428711,36.68147659301758,True,True,True
weast,22,4,2,0.1285400390625,612,236,854,400,527.6494750976562,103.43107604980469,True,True,True
weast,22,9,3,0.1339111328125,612,236,852,400,526.916015625,103.43107604980469,True,True,True
weast,22,14,3,0.533203125,322,285,382,351,256.8170166015625,41.902923583984375,True,True,True
weast,22,16,3,0.501953125,611,300,776,394,502.36431884765625,90.56135559082031,True,True,True
weast,22,23,2,0.368408203125,202,233,338,315,197.30670166015625,9.111371040344238,True,True,True
weast,22,24,2,0.294189453125,533,236,573,276,426.4468688964844,-23.26181983947754,True,True,True
weast,23,1,2,0.873046875,378,233,564,377,339.70465087890625,82.39956665039062,True,True,True
weast,23,3,2,0.422607421875,0,235,242,347,80.20707702636719,36.68147659301758,True,True,True
weast,23,4,2,0.1302490234375,609,235,852,400,525.448974609375,103.43107604980469,True,True,True
weast,23,9,3,0.1365966796875,609,236,849,400,524.7154541015625,103.43107604980469,True,True,True
weast,23,14,3,0.533203125,324,282,385,351,258.3470764160156,41.902923583984375,True,True,True
weast,23,16,3,0.49609375,609,302,771,394,500.39862060546875,89.74930572509766,True,True,True
weast,23,23,2,0.368408203125,202,233,325,314,191.4061737060547,13.626604080200195,True,True,True
weast,23,24,2,0.281494140625,534,236,573,276,426.4468688964844,-23.26181983947754,True,True,True
weast,24,1,2,0.861328125,383,234,564,376,341.359375,81.57831573486328,True,True,True
weast,24,3,2,0.34423828125,0,235,250,347,83.27793884277344,36.68147659301758,True,True,True
weast,24,4,2,0.26220703125,606,235,849,401,522.9835205078125,104.22782135009766,True,True,True
weast,24,9,3,0.1661376953125,604,235,847,401,521.517333984375,104.22782135009766,True,True,True
weast,24,14,3,0.607421875,325,279,388,350,260.0007019042969,41.03520965576172,True,True,True
weast,24,16,3,0.55078125,605,299,768,395,496.9309387207031,91.37248992919922,True,True,True
weast,24,23,2,0.26904296875,203,234,321,314,190.54188537597656,14.526445388793945,True,True,True
weast,24,24,2,0.315673828125,535,236,573,276,427.24530029296875,-23.26181983947754,True,True,True
weast,25,1,2,0.87744140625,388,234,565,375,343.7611083984375,80.7561264038086,True,True,True
weast,25,3,2,0.329345703125,0,235,243,347,80.20707702636719,36.68147659301758,True,True,True
weast,25,4,2,0.1895751953125,603,235,847,401,521.517333984375,104.22782135009766,True,True,True
weast,25,9,3,0.20947265625,600,235,846,401,520.0511474609375,104.22782135009766,True,True,True
weast,25,14,3,0.56982421875,328,280,384,349,260.0007019042969,41.03520965576172,True,True,True
weast,25,16,3,0.4130859375,602,299,765,395,494.7118835449219,91.37248992919922,True,True,True
weast,25,23,2,0.281494140625,202,234,320,315,189.7628173828125,14.526445388793945,True,True,True
weast,25,24,2,0.1943359375,535,235,574,275,427.24530029296875,-23.26181983947754,True,True,True
weast,25,27,2,0.42431640625,931,236,989,280,750.558837890625,-21.374954223632812,True,True,False
weast,26,1,2,0.85302734375,392,233,566,373,346.3348388671875,79.10896301269531,True,True,True
weast,26,3,2,0.251708984375,0,236,233,350,76.35159301757812,37.55425262451172,True,True,True
weast,26,4,7,0.11553955078125,607,235,847,400,523.2484741210938,103.43107604980469,True,True,True
weast,26,14,3,0.51171875,326,276,391,348,261.78094482421875,39.296756744384766,True,True,True
weast,26,16,3,0.61669921875,598,299,753,395,488.7944030761719,91.37248992919922,True,True,True
weast,26,23,2,0.19677734375,202,234,319,315,188.98374938964844,14.526445388793945,True,True,True
weast,26,27,2,0.352294921875,929,236,994,280,751.3563232421875,-21.374954223632812,True,True,True
weast,27,1,2,0.85595703125,396,234,567,371,348.3382568359375,76.63121032714844,True,True,True
weast,27,3,2,0.281494140625,0,236,230,351,75.5678939819336,38.4260139465332,True,True,True
weast,27,4,3,0.1365966796875,597,234,843,400,518.1139526367188,103.43107604980469,True,True,True
weast,27,14,3,0.4921875,329,275,397,347,265.73992919921875,38.4260139465332,True,True,True
weast,27,16,3,0.70751953125,594,300,750,395,486.5753173828125,91.37248992919922,True,True,True
weast,27,23,2,0.1566162109375,200,234,320,316,188.98374938964844,14.526445388793945,True,True,True
weast,27,27,2,0.303955078125,929,236,995,280,752.1537475585938,-21.374954223632812,True,True,True
weast,28,1,2,0.89306640625,400,234,567,368,350.3485412597656,74.14500427246094,True,True,True
weast,28,3,2,0.1490478515625,0,236,233,350,76.334716796875,38.4260139465332,True,True,True
weast,28,4,3,0.265869140625,591,235,834,401,511.987060546875,104.22782135009766,True,True,True
weast,28,14,3,0.62255859375,331,276,390,346,263.5653381347656,37.55425262451172,True,True,True
weast,28,16,3,0.501953125,589,299,742,395,481.39752197265625,91.37248992919922,True,True,True
weast,28,23,2,0.1417236328125,198,234,323,317,188.98374938964844,14.526445388793945,True,True,True
weast,28,27,2,0.416748046875,941,236,993,279,756.14111328125,-21.374954223632812,True,True,True
weast,28,28,3,0.34521484375,828,268,893,313,657.1483154296875,12.725696563720703,True,True,False
weast,29,1,2,0.89306640625,404,233,567,365,352.5394287109375,70.81684112548828,True,True,True
weast,29,3,2,0.29736328125,0,234,246,348,81.74250793457031,36.68147659301758,True,True,True
weast,29,14,3,0.66015625,327,274,387,345,261.38824462890625,36.68147659301758,True,True,True
weast,29,16,3,0.7216796875,579,299,736,396,475.23968505859375,92.18270874023438,True,True,True
weast,29,23,2,0.29736328125,195,234,320,316,186.6465301513672,14.526445388793945,True,True,True
weast,29,27,2,0.350341796875,945,236,988,279,755.3436889648438,-21.374954223632812,True,True,True
weast,29,28,3,0.3310546875,822,267,890,313,653.669189453125,13.626604080200195,True,True,True
weast,30,1,2,0.89306640625,406,234,568,364,354.2146911621094,69.98242950439453,True,True,True
weast,30,3,2,0.29736328125,0,233,252,347,84.06705474853516,35.807682037353516,True,True,True
weast,30,14,3,0.658203125,327,273,387,344,261.38824462890625,36.68147659301758,True,True,True
weast,30,16,3,0.7216796875,576,299,735,396,473.7611389160156,92.18270874023438,True,True,True
weast,30,23,2,0.299072265625,195,234,321,316,187.42559814453125,14.526445388793945,True,True,True
weast,30,27,2,0.350341796875,946,236,988,280,756.14111328125,-21.374954223632812,True,True,True
weast,30,28,3,0.31396484375,821,267,890,313,652.8896484375,13.626604080200195,True,True,True
weast,31,1,2,0.89306640625,408,233,567,363,354.3896789550781,69.14706420898438,True,True,True
weast,31,3,2,0.244384765625,0,233,248,347,82.53072357177734,35.807682037353516,True,True,True
weast,31,14,3,0.63330078125,331,275,386,344,262.28125,35.807682037353516,True,True,True
weast,31,16,3,0.56396484375,572,299,730,397,470.56646728515625,92.99202728271484,True,True,True
weast,31,23,2,0.24658203125,193,234,319,317,185.86746215820312,14.526445388793945,True,True,True
weast,31,27,2,0.458984375,944,235,987,279,754.5462036132812,-21.374954223632812,True,True,True
weast,31,28,3,0.43408203125,820,267,889,312,652.110107421875,13.626604080200195,True,True,True
weast,32,1,2,0.89306640625,412,234,568,361,356.9961242675781,67.47347259521484,True,True,True
weast,32,3,2,0.2193603515625,0,234,230,348,75.58432006835938,37.55425262451172,True,True,True
weast,32,14,3,0.61669921875,336,282,387,343,264.58575439453125,35.807682037353516,True,True,True
weast,32,16,3,0.3310546875,568,300,730,397,469.0887756347656,92.99202728271484,True,True,True
weast,32,23,2,0.19677734375,193,234,320,318,185.7855682373047,15.425222396850586,True,True,True
weast,32,27,2,0.484375,945,235,988,279,755.3436889648438,-21.374954223632812,True,True,True
weast,32,28,3,0.1883544921875,820,268,888,312,652.110107421875,13.626604080200195,True,True,True
weast,33,1,2,0.90283203125,416,234,569,359,359.03387451171875,64.9559097290039,True,True,True
weast,33,3,2,0.2127685546875,0,234,223,348,72.50060272216797,38.4260139465332,True,True,True
weast,33,14,3,0.609375,336,282,388,342,265.48114013671875,34.93286895751953,True,True,True
weast,33,16,3,0.2958984375,562,301,720,397,463.17791748046875,92.99202728271484,True,True,True
weast,33,23,2,0.1871337890625,193,235,320,318,185.7855682373047,15.425222396850586,True,True,True
weast,33,27,2,0.525390625,946,234,989,278,756.5706176757812,-22.31781578063965,True,True,True
weast,33,28,3,0.115966796875,819,268,888,311,651.6883544921875,12.725696563720703,True,True,True
weast,34,1,2,0.8974609375,418,234,567,358,359.2122497558594,64.11479949951172,True,True,True
weast,34,3,2,0.2100830078125,0,233,241,349,79.42066955566406,37.55425262451172,True,True,True
weast,34,14,3,0.5947265625,338,283,388,341,266.3775939941406,34.05703353881836,True,True,True
weast,34,16,3,0.27978515625,556,301,710,397,457.2670593261719,92.99202728271484,True,True,True
weast,34,27,2,0.462890625,945,234,988,278,755.7726440429688,-22.31781578063965,True,True,True
weast,35,1,2,0.884765625,421,234,567,357,360.8990173339844,63.272727966308594,True,True,True
weast,35,3,2,0.102294921875,0,234,222,350,72.48597717285156,39.296756744384766,True,True,True
weast,35,14,3,0.50390625,339,285,389,341,267.27508544921875,33.180171966552734,True,True,True
weast,35,16,3,0.195556640625,550,303,710,399,454.5935363769531,94.6079330444336,True,True,True
weast,35,27,2,0.46875,945,234,987,279,755.7726440429688,-22.31781578063965,True,True,True
weast,35,4,7,0.260498046875,555,234,799,402,485.8404541015625,105.81865692138672,True,True,True
weast,36,1,2,0.873046875,425,235,567,355,362.7684326171875,61.58568572998047,True,True,True
weast,36,3,2,0.16943359375,0,234,221,350,71.71959686279297,39.296756744384766,True,True,True
weast,36,14,3,0.56201171875,340,282,390,339,268.1736145019531,32.30228805541992,True,True,True
weast,36,16,3,0.2783203125,545,291,709,400,451.6996154785156,97.02501678466797,True,True,True
weast,36,27,2,0.484375,945,234,987,279,756.2022094726562,-23.26181983947754,True,True,True
weast,36,4,7,0.199951171875,549,234,798,404,482.4274597167969,107.40595245361328,True,True,True
weast,37,1,2,0.85595703125,427,234,566,353,363.31182861328125,59.047855377197266,True,True,True
weast,37,3,2,0.357666015625,0,233,289,349,97.92350769042969,34.93286895751953,True,True,True
weast,37,14,3,0.6806640625,341,281,390,338,268.30279541015625,31.42337417602539,True,True,True
weast,37,16,3,0.27978515625,540,296,705,400,448.2399597167969,96.22022247314453,True,True,True
weast,37,27,2,0.48828125,944,234,987,278,755.4037475585938,-23.26181983947754,True,True,True
weast,37,4,2,0.303955078125,545,235,795,403,480.4736328125,106.61274719238281,True,True,True
weast,38,1,2,0.82763671875,430,234,565,351,364.4322509765625,57.351104736328125,True,True,True
weast,38,3,2,0.1370849609375,0,232,309,353,105.60963439941406,34.93286895751953,True,True,True
weast,38,14,3,0.65673828125,343,283,391,337,269.9738464355469,30.543432235717773,True,True,True
weast,38,16,3,0.107421875,534,296,751,403,462.0553894042969,99.43399810791016,True,True,True
weast,38,27,2,0.55078125,945,234,988,278,756.2022094726562,-23.26181983947754,True,True,True
weast,38,4,3,0.359375,536,236,785,403,473.1548767089844,106.61274719238281,True,True,True
weast,38,23,2,0.2509765625,186,236,318,318,182.67112731933594,15.425222396850586,True,True,True
weast,39,1,2,0.80419921875,433,234,562,348,364.9800720214844,54.79865264892578,True,True,True
weast,39,3,2,0.401611328125,0,232,252,351,84.045654296875,36.68147659301758,True,True,True
weast,39,14,3,0.64404296875,345,280,393,337,271.6468811035156,29.662460327148438,True,True,True
weast,39,16,3,0.303955078125,528,294,717,402,447.5678405761719,98.63190460205078,True,True,True
weast,39,27,2,0.6298828125,945,233,989,278,757.0006103515625,-23.26181983947754,True,True,True
weast,39,4,3,0.33642578125,529,242,723,401,449.1643371582031,103.43107604980469,True,True,True
weast,39,30,2,0.420654296875,771,243,801,302,604.710693359375,-1.8353506326675415,True,True,False
weast,39,31,2,0.32861328125,311,233,393,303,262.8253173828125,-0.9171268939971924,True,True,False
weast,39,23,2,0.556640625,185,235,319,319,182.67112731933594,15.425222396850586,True,True,True
weast,40,1,2,0.79052734375,437,234,560,346,366.28955078125,52.237361907958984,True,True,True
weast,40,3,2,0.39599609375,0,233,225,352,73.25234985351562,39.296756744384766,True,True,True
weast,40,14,3,0.61328125,347,280,394,336,272.4181823730469,29.662460327148438,True,True,True
weast,40,16,3,0.1900634765625,522,258,696,400,437.3464050292969,101.03550720214844,True,True,True
weast,40,27,2,0.6513671875,945,233,990,277,757.0006103515625,-23.26181983947754,True,True,True
weast,40,4,3,0.299072265625,522,235,758,402,458.7460021972656,105.81865692138672,True,True,True
weast,40,30,2,0.494140625,768,241,803,302,604.2562866210938,-2.7546732425689697,True,True,True
weast,40,31,2,0.24365234375,311,233,391,302,262.16668701171875,-1.8353506326675415,True,True,True
weast,40,23,2,0.517578125,185,234,320,319,182.67112731933594,15.425222396850586,True,True,True
weast,41,1,2,0.6943359375,439,234,559,345,367.2338562011719,51.38162612915039,True,True,True
weast,41,3,2,0.289306640625,0,233,215,354,69.40764617919922,40.16648864746094,True,True,True
weast,41,14,3,0.609375,348,281,394,336,273.32183837890625,28.78045654296875,True,True,True
weast,41,16,3,0.235107421875,516,248,686,401,431.0404052734375,102.6334457397461,True,True,True
weast,41,27,2,0.58154296875,944,233,989,277,756.6322631835938,-24.20697021484375,True,True,True
weast,41,4,3,0.403564453125,516,238,762,406,457.1023254394531,108.98973083496094,True,True,True
weast,41,30,2,0.3701171875,762,241,802,302,600.2384643554688,1.8309710025787354,True,True,True
weast,41,31,2,0.26123046875,309,233,391,302,261.5072937011719,-2.7546732425689697,True,True,True
weast,41,23,2,0.394287109375,183,234,319,319,181.89251708984375,15.425222396850586,True,True,True
weast,42,1,2,0.6279296875,442,234,557,343,367.60357666015625,49.66719055175781,True,True,True
weast,42,3,2,0.1766357421875,0,235,212,368,68.24108123779297,68.31074523925781,True,True,True
weast,42,14,3,0.6533203125,350,281,395,335,274.2265625,27.897417068481445,True,True,True
weast,42,16,3,0.2147216796875,510,255,682,404,426.7365417480469,105.023681640625,True,True,True
weast,42,27,2,0.541015625,945,233,990,276,757.43115234375,-24.20697021484375,True,True,True
weast,42,4,3,0.38671875,510,238,761,412,452.6057434082031,114.50536346435547,True,True,True
weast,42,30,2,0.287841796875,755,237,804,300,598.2103271484375,0.9160319566726685,True,True,True
weast,42,31,2,0.248046875,307,233,392,303,259.0726318359375,9.111371040344238,True,True,True
weast,42,23,2,0.29736328125,184,236,317,319,181.0348663330078,16.32293701171875,True,True,True
weast,43,1,2,0.67041015625,448,233,561,341,371.78387451171875,47.948787689208984,True,True,True
weast,43,3,2,0.19189453125,0,235,211,365,67.48957061767578,68.31074523925781,True,True,True
weast,43,14,3,0.69287109375,354,283,398,333,277.45037841796875,27.013341903686523,True,True,True
weast,43,16,3,0.175537109375,501,254,674,402,420.5576171875,103.43107604980469,True,True,True
weast,43,27,2,0.43408203125,943,232,992,275,757.8622436523438,-25.153268814086914,True,True,True
weast,43,4,7,0.33642578125,503,236,756,410,448.6824035644531,112.93383026123047,True,True,True
weast,43,30,2,0.73876953125,751,235,806,299,598.0817260742188,-0.9171268939971924,True,True,True
weast,43,31,2,0.329345703125,306,232,394,304,259.7283935546875,10.016560554504395,True,True,True
weast,43,23,2,0.338134765625,185,236,318,320,181.89251708984375,15.425222396850586,True,True,True
weast,44,1,2,0.67041015625,449,233,561,340,372.73406982421875,47.08809280395508,True,True,True
weast,44,3,2,0.19677734375,0,235,211,361,67.51256561279297,66.63524627685547,True,True,True
weast,44,14,3,0.6943359375,355,284,399,333,278.2230529785156,27.013341903686523,True,True,True
weast,44,16,3,0.17333984375,498,254,670,402,418.3570861816406,103.43107604980469,True,True,True
weast,44,27,2,0.43408203125,942,232,993,275,757.8622436523438,-25.153268814086914,True,True,True
weast,44,4,7,0.33642578125,499,235,753,410,446.4964904785156,112.93383026123047,True,True,True
weast,44,30,2,0.7373046875,749,235,806,299,597.2947387695312,-0.9171268939971924,True,True,True
weast,44,31,2,0.32177734375,305,232,395,305,259.6024475097656,10.920677185058594,True,True,True
weast,44,23,2,0.338134765625,185,236,318,321,181.89251708984375,15.425222396850586,True,True,True
weast,45,1,2,0.4130859375,451,233,560,339,373.1112365722656,45.36370849609375,True,True,True
weast,45,3,2,0.1800537109375,0,234,210,374,67.46663665771484,69.98242950439453,True,True,True
weast,45,14,3,0.69921875,356,283,399,333,278.35858154296875,26.12822723388672,True,True,True
weast,45,16,3,0.517578125,493,273,662,402,413.8349304199219,101.03550720214844,True,True,True
weast,45,27,2,0.45703125,943,233,993,275,758.2301025390625,-24.20697021484375,True,True,True
weast,45,4,7,0.267333984375,491,234,749,408,442.56201171875,111.35881042480469,True,True,True
weast,45,30,2,0.73583984375,749,236,806,299,597.2947387695312,-0.9171268939971924,True,True,True
weast,45,31,2,0.2254638671875,303,232,396,307,258.4460144042969,13.626604080200195,True,True,True
weast,45,23,2,0.325927734375,184,236,318,320,181.89251708984375,15.425222396850586,True,True,True
weast,46,1,2,0.441650390625,454,233,568,337,378.07421875,43.63532257080078,True,True,True
weast,46,3,2,0.140869140625,0,234,211,366,67.50106048583984,67.47347259521484,True,True,True
weast,46,14,3,0.5947265625,358,278,401,331,280.1781921386719,24.35487937927246,True,True,True
weast,46,16,3,0.10052490234375,489,281,655,402,410.3638000488281,100.23519897460938,True,True,True
weast,46,27,2,0.29248046875,945,232,995,275,760.2604370117188,-25.153268814086914,True,True,True
weast,46,4,7,0.272705078125,484,232,746,407,439.1318054199219,110.56999206542969,True,True,True
weast,46,30,2,0.642578125,751,236,808,299,599.198486328125,-1.8353506326675415,True,True,True
weast,46,31,2,0.2081298828125,305,232,398,304,260.509765625,10.016560554504395,True,True,True
weast,46,23,2,0.3056640625,185,236,319,320,182.67112731933594,15.425222396850586,True,True,True
weast,47,1,2,0.5908203125,458,233,564,334,378.65093994140625,41.03520965576172,True,True,True
weast,47,3,2,0.190673828125,0,235,212,363,68.25299835205078,67.47347259521484,True,True,True
weast,47,14,3,0.58154296875,360,278,402,330,281.72625732421875,24.35487937927246,True,True,True
weast,47,16,3,0.127197265625,484,290,705,402,426.9607849121094,98.63190460205078,True,True,True
weast,47,27,2,0.161865234375,944,232,992,275,761.2619018554688,-30.855270385742188,True,True,True
weast,47,4,7,0.2451171875,481,233,742,405,436.8600158691406,108.19828033447266,True,True,True
weast,47,30,2,0.60009765625,753,236,809,298,600.7734375,-1.8353506326675415,True,True,True
weast,47,31,2,0.24658203125,305,232,400,303,261.41815185546875,9.111371040344238,True,True,True
weast,47,23,2,0.325927734375,185,236,320,320,182.67112731933594,15.425222396850586,True,True,True
weast,48,1,2,0.525390625,460,234,559,333,377.5037841796875,39.296756744384766,True,True,True
weast,48,3,2,0.1566162109375,0,235,211,358,67.87578582763672,40.16648864746094,True,True,True
weast,48,14,3,0.6298828125,361,280,402,330,281.8641052246094,23.46664047241211,True,True,True
weast,48,16,3,0.1171875,478,294,713,404,427.2720947265625,100.23519897460938,True,True,True
weast,48,27,2,0.1883544921875,942,232,992,275,760.4595947265625,-30.855270385742188,True,True,True
weast,48,4,7,0.309814453125,476,233,736,406,432.9906311035156,108.98973083496094,True,True,True
weast,48,30,2,0.56201171875,755,237,810,298,601.8924560546875,-2.7546732425689697,True,True,True
weast,48,31,2,0.2493896484375,304,232,400,303,261.41815185546875,9.111371040344238,True,True,True
weast,48,23,2,0.195556640625,185,236,319,319,182.67112731933594,15.425222396850586,True,True,True
weast,49,1,2,0.478515625,462,233,571,325,384.63494873046875,31.42337417602539,True,True,True
weast,49,3,2,0.1650390625,0,235,212,354,68.64171600341797,40.16648864746094,True,True,True
weast,49,14,3,0.6826171875,363,280,403,329,283.552001953125,22.577354431152344,True,True,True
weast,49,16,7,0.355712890625,471,252,725,407,427.356201171875,108.19828033447266,True,True,True
weast,49,27,2,0.152587890625,941,231,992,274,759.6572265625,-30.855270385742188,True,True,True
weast,49,4,3,0.5830078125,472,233,732,406,430.0679931640625,108.98973083496094,True,True,True
weast,49,30,2,0.57568359375,757,236,810,298,602.680419921875,-2.7546732425689697,True,True,True
weast,49,31,2,0.32421875,304,232,401,303,261.41815185546875,9.111371040344238,True,True,True
weast,49,23,2,0.2509765625,185,236,321,319,183.44973754882812,15.425222396850586,True,True,True
weast,50,1,2,0.1710205078125,466,233,575,317,389.5181579589844,23.46664047241211,True,True,True
weast,50,3,2,0.1229248046875,0,234,215,353,69.40764617919922,40.16648864746094,True,True,True
weast,50,14,3,0.544921875,365,278,404,328,284.4664611816406,21.687023162841797,True,True,True
weast,50,16,2,0.190673828125,467,238,727,407,426.20452880859375,109.7802963256836,True,True,True
weast,50,4,3,0.267333984375,466,233,727,407,425.26470947265625,110.56999206542969,True,True,True
weast,50,30,2,0.51953125,760,236,810,297,604.5896606445312,-3.6750965118408203,True,True,True
weast,50,31,2,0.303955078125,304,231,400,302,261.5453186035156,8.205105781555176,True,True,True
weast,50,23,2,0.1766357421875,186,235,321,318,183.7723388671875,11.823721885681152,True,True,True
weast,51,1,2,0.1571044921875,468,233,559,310,385.6885681152344,16.32293701171875,True,True,True
weast,51,3,2,0.2108154296875,0,235,213,358,68.64171600341797,40.16648864746094,True,True,True
weast,51,14,3,0.61865234375,366,278,405,327,285.2418518066406,21.687023162841797,True,True,True
weast,51,4,7,0.357666015625,462,232,722,406,422.5532531738281,109.7802963256836,True,True,True
weast,51,30,2,0.490234375,761,237,810,297,604.5896606445312,-3.6750965118408203,True,True,True
weast,51,31,2,0.32763671875,303,232,400,303,260.6363220214844,9.111371040344238,True,True,True
weast,51,23,2,0.1993408203125,185,235,320,319,182.67112731933594,15.425222396850586,True,True,True
weast,52,1,2,0.1602783203125,473,239,574,308,394.0847473144531,13.626604080200195,True,True,True
weast,52,3,2,0.203125,0,234,213,352,68.65409088134766,39.296756744384766,True,True,True
weast,52,14,3,0.6318359375,368,275,407,326,286.9337463378906,20.795642852783203,True,True,True
weast,52,4,7,0.1783447265625,461,232,719,408,420.6787109375,111.35881042480469,True,True,True
weast,52,30,2,0.5830078125,763,237,810,297,605.3781127929688,-3.6750965118408203,True,True,True
weast,52,31,2,0.48046875,303,231,402,302,261.5453186035156,8.205105781555176,True,True,True
weast,52,23,2,0.265869140625,186,234,319,317,182.7511749267578,14.526445388793945,True,True,True
weast,53,3,2,0.22607421875,0,233,216,350,70.18684387207031,39.296756744384766,True,True,True
weast,53,14,3,0.5908203125,369,274,409,326,288.6275939941406,19.90321159362793,True,True,True
weast,53,4,7,0.276611328125,455,232,719,409,418.284912109375,112.14675903320312,True,True,True
weast,53,30,2,0.435791015625,766,237,812,296,608.0789794921875,-4.596622943878174,True,True,True
weast,53,31,2,0.390380859375,303,231,404,302,262.32763671875,8.205105781555176,True,True,True
weast,53,23,2,0.25244140625,187,234,319,318,183.53024291992188,14.526445388793945,True,True,True
weast,53,36,2,0.462890625,812,227,919,306,662.8711547851562,8.205105781555176,True,True,False
weast,53,27,2,0.29736328125,944,232,1001,273,764.4712524414062,-30.855270385742188,True,True,True
weast,54,3,2,0.1187744140625,0,233,218,352,70.96695709228516,38.4260139465332,True,True,True
weast,54,14,3,0.533203125,369,272,410,325,288.7698974609375,19.00972557067871,True,True,True
weast,54,4,7,0.5888671875,449,232,717,406,415.9809875488281,109.7802963256836,True,True,True
weast,54,30,2,0.517578125,768,238,811,295,608.0789794921875,-4.596622943878174,True,True,True
weast,54,31,2,0.447509765625,303,231,404,302,262.32763671875,8.205105781555176,True,True,True
weast,54,23,2,0.267333984375,186,233,319,318,182.7511749267578,14.526445388793945,True,True,True
weast,54,36,2,0.307373046875,812,227,919,307,662.8711547851562,8.205105781555176,True,True,True
weast,54,27,2,0.35400390625,944,233,1003,273,765.2735595703125,-30.855270385742188,True,True,True
weast,55,3,2,0.30908203125,3,232,286,349,97.95303344726562,34.05703353881836,True,True,True
weast,55,14,3,0.6279296875,368,268,415,324,290.754150390625,16.32293701171875,True,True,True
weast,55,4,2,0.4091796875,440,231,703,406,407.21795654296875,109.7802963256836,True,True,True
weast,55,30,2,0.355712890625,772,237,816,295,612.0233764648438,-4.596622943878174,True,True,True
weast,55,31,2,0.490234375,306,231,393,302,259.1983947753906,8.205105781555176,True,True,True
weast,55,23,2,0.30078125,190,233,320,317,185.08839416503906,14.526445388793945,True,True,True
weast,55,36,2,0.373779296875,814,227,923,308,665.2180786132812,8.205105781555176,True,True,True
weast,55,27,2,0.62451171875,944,233,1001,274,764.4712524414062,-30.855270385742188,True,True,True
weast,56,3,2,0.342529296875,3,231,310,348,107.18177795410156,34.05703353881836,True,True,True
weast,56,14,3,0.6298828125,367,267,416,324,290.8980712890625,15.425222396850586,True,True,True
weast,56,4,2,0.401611328125,436,231,697,405,403.76434326171875,108.98973083496094,True,True,True
weast,56,30,2,0.35400390625,773,237,817,295,612.8121948242188,-4.596622943878174,True,True,True
weast,56,31,2,0.4921875,306,231,387,302,256.8514709472656,8.205105781555176,True,True,True
weast,56,23,2,0.30078125,189,233,320,317,184.30931091308594,14.526445388793945,True,True,True
weast,56,36,2,0.368408203125,814,227,924,308,666.3681640625,7.297762393951416,True,True,True
weast,56,27,2,0.62255859375,943,233,1000,274,763.6688842773438,-30.855270385742188,True,True,True
weast,56,40,3,0.352294921875,374,275,414,324,292.7985534667969,18.11518669128418,True,True,False
weast,56,41,3,0.315673828125,435,231,698,405,403.76434326171875,108.98973083496094,True,True,False
weast,57,3,2,0.2393798828125,3,231,320,349,111.02708435058594,34.05703353881836,True,True,True
weast,57,14,3,0.57568359375,367,268,416,324,291.6201477050781,10.920677185058594,True,True,True
weast,57,4,2,0.501953125,431,231,692,406,399.9154357910156,109.7802963256836,True,True,True
weast,57,30,2,0.45703125,774,236,817,295,612.8121948242188,-4.596622943878174,True,True,True
weast,57,31,2,0.50390625,306,232,406,303,264.5455627441406,9.111371040344238,True,True,True
weast,57,23,2,0.299072265625,189,234,320,318,184.2283477783203,15.425222396850586,True,True,True
weast,57,36,2,0.184814453125,811,227,928,307,666.3681640625,7.297762393951416,True,True,True
weast,57,27,2,0.56201171875,944,233,1004,274,765.6382446289062,-29.902042388916016,True,True,True
weast,57,40,3,0.4111328125,374,277,414,324,292.7985534667969,18.11518669128418,True,True,True
weast,57,41,3,0.273681640625,431,232,693,405,401.0379333496094,108.19828033447266,True,True,True
weast,58,3,7,0.193115234375,2,232,327,348,113.29576873779297,34.93286895751953,True,True,True
weast,58,14,3,0.1375732421875,366,267,418,323,292.4010925292969,10.920677185058594,True,True,True
weast,58,4,3,0.1865234375,426,232,690,408,397.3365478515625,111.35881042480469,True,True,True
weast,58,30,2,0.32421875,776,235,816,295,613.60107421875,-4.596622943878174,True,True,True
weast,58,31,2,0.1666259765625,306,232,395,303,259.8544616699219,9.111371040344238,True,True,True
weast,58,23,2,0.1761474609375,190,234,321,319,185.0069580078125,15.425222396850586,True,True,True
weast,58,36,2,0.1800537109375,787,227,929,301,659.21240234375,3.6575779914855957,True,True,True
weast,58,27,2,0.3720703125,947,233,1006,275,766.8038940429688,-28.949975967407227,True,True,True
weast,58,40,3,0.5078125,375,275,417,323,294.4988708496094,17.21959114074707,True,True,True
weast,58,41,7,0.19189453125,428,232,691,408,398.06597900390625,111.35881042480469,True,True,True
weast,59,3,2,0.167724609375,1,232,329,349,114.06437683105469,34.93286895751953,True,True,True
weast,59,4,2,0.279052734375,420,232,684,408,392.9598693847656,111.35881042480469,True,True,True
weast,59,30,2,0.422607421875,779,235,819,294,616.3085327148438,-5.519253730773926,True,True,True
weast,59,31,2,0.26904296875,306,232,388,303,257.5089416503906,9.111371040344238,True,True,True
weast,59,23,2,0.1778564453125,191,234,322,318,185.7855682373047,15.425222396850586,True,True,True
weast,59,36,2,0.10894775390625,802,228,932,306,666.274169921875,3.6575779914855957,True,True,True
weast,59,27,2,0.20947265625,949,233,1002,274,766.4401245117188,-29.902042388916016,True,True,True
weast,59,40,3,0.60595703125,381,277,418,323,296.8319396972656,17.21959114074707,True,True,True
weast,59,41,7,0.2337646484375,423,232,685,409,394.22662353515625,112.14675903320312,True,True,True
weast,59,44,7,0.346923828125,680,229,726,299,539.0577392578125,-0.9171268939971924,True,True,False
weast,60,3,2,0.1427001953125,0,233,327,350,112.52715301513672,34.93286895751953,True,True,True
weast,60,4,2,0.2100830078125,414,232,677,408,387.8537902832031,111.35881042480469,True,True,True
weast,60,30,2,0.23095703125,780,234,819,295,616.6497802734375,-6.442991256713867,True,True,True
weast,60,31,2,0.2069091796875,304,232,386,303,255.9452362060547,9.111371040344238,True,True,True
weast,60,23,2,0.118408203125,203,233,365,315,208.2525634765625,9.111371040344238,True,True,True
weast,60,36,2,0.173828125,786,227,937,301,661.9324951171875,2.744819164276123,True,True,True
weast,60,40,3,0.70751953125,382,278,419,322,297.75750732421875,16.32293701171875,True,True,True
weast,60,41,7,0.195556640625,416,232,677,410,388.20562744140625,112.93383026123047,True,True,True
weast,60,44,7,0.276611328125,680,230,726,300,539.0577392578125,-0.9171268939971924,True,True,True
weast,61,3,2,0.1783447265625,0,233,325,349,111.758544921875,34.93286895751953,True,True,True
weast,61,4,7,0.162353515625,407,232,670,410,382.37652587890625,112.93383026123047,True,True,True
weast,61,30,2,0.416748046875,782,234,819,295,617.4395751953125,-6.442991256713867,True,True,True
weast,61,31,2,0.21337890625,303,232,385,303,255.16339111328125,9.111371040344238,True,True,True
weast,61,23,2,0.138916015625,218,233,380,313,218.7591552734375,19.90321159362793,True,True,True
weast,61,36,2,0.388671875,802,227,941,305,669.7836303710938,2.744819164276123,True,True,True
weast,61,40,3,0.494140625,385,279,419,321,299.3138122558594,16.32293701171875,True,True,True
weast,61,41,2,0.2393798828125,410,232,670,411,383.6477355957031,113.72003173828125,True,True,True
weast,61,44,7,0.2069091796875,679,230,726,300,538.270751953125,-0.9171268939971924,True,True,True
weast,62,3,2,0.1683349609375,1,232,328,349,113.29576873779297,34.93286895751953,True,True,True
weast,62,4,2,0.307373046875,402,232,664,408,379.1004638671875,111.35881042480469,True,True,True
weast,62,30,2,0.1993408203125,786,234,821,293,620.152587890625,-7.367837905883789,True,True,True
weast,62,31,2,0.357666015625,303,232,387,303,255.9452362060547,9.111371040344238,True,True,True
weast,62,36,2,0.437744140625,807,226,946,306,673.7091674804688,2.744819164276123,True,True,True
weast,62,40,3,0.2186279296875,388,274,425,320,303.1822509765625,11.823721885681152,True,True,True
weast,62,41,7,0.11920166015625,401,233,665,412,378.3670654296875,114.50536346435547,True,True,True
weast,62,44,7,0.2120361328125,680,228,728,300,539.8447265625,-0.9171268939971924,True,True,True
weast,63,3,2,0.453369140625,0,234,258,351,86.34880828857422,36.68147659301758,True,True,True
weast,63,4,2,0.56005859375,398,233,660,408,376.18267822265625,111.35881042480469,True,True,True
weast,63,30,2,0.1666259765625,788,235,822,292,621.7332153320312,-7.367837905883789,True,True,True
weast,63,31,2,0.1871337890625,304,232,390,303,257.5089416503906,9.111371040344238,True,True,True
weast,63,36,2,0.57958984375,797,226,949,308,671.3538208007812,2.744819164276123,True,True,True
weast,63,41,3,0.302490234375,397,233,661,409,376.0006408691406,112.14675903320312,True,True,True
weast,63,44,7,0.1571044921875,681,230,729,300,540.3370971679688,4.6590169737589435e-14,True,True,True
weast,63,27,2,0.303955078125,948,231,1011,274,769.6474609375,-29.902042388916016,True,True,True
weast,64,3,2,0.39990234375,0,234,228,352,74.78510284423828,39.296756744384766,True,True,True
weast,64,30,2,0.1505126953125,789,234,824,291,622.5234985351562,-7.367837905883789,True,True,True
weast,64,31,2,0.1124267578125,304,233,390,304,257.3842468261719,10.016560554504395,True,True,True
weast,64,36,2,0.355712890625,792,226,950,308,669.7836303710938,2.744819164276123,True,True,True
weast,64,44,7,0.1329345703125,681,233,730,300,540.3370971679688,4.6590169737589435e-14,True,True,True
weast,64,27,2,0.2451171875,951,232,1011,274,771.2511596679688,-29.902042388916016,True,True,True
weast,65,3,2,0.403564453125,0,235,218,352,70.93950653076172,40.16648864746094,True,True,True
weast,65,30,2,0.1268310546875,791,235,824,293,623.3137817382812,-7.367837905883789,True,True,True
weast,65,31,2,0.27978515625,306,233,391,304,258.1656188964844,10.016560554504395,True,True,True
weast,65,36,2,0.264404296875,803,227,952,307,674.12060546875,3.6575779914855957,True,True,True
weast,65,44,7,0.178955078125,681,234,730,300,540.3370971679688,4.6590169737589435e-14,True,True,True
weast,65,27,2,0.1865234375,953,233,1011,274,771.6119995117188,-28.949975967407227,True,True,True
weast,65,4,2,0.4130859375,389,233,650,414,367.6463623046875,116.85617065429688,True,True,True
weast,66,3,2,0.3408203125,0,236,216,358,70.17357635498047,40.16648864746094,True,True,True
weast,66,30,2,0.12127685546875,794,235,826,293,625.6846313476562,-7.367837905883789,True,True,True
weast,66,31,2,0.373779296875,304,233,391,303,257.5089416503906,9.111371040344238,True,True,True
weast,66,36,2,0.250244140625,810,228,951,309,676.0999145507812,4.569250106811523,True,True,True
weast,66,44,7,0.1339111328125,683,233,732,302,541.6149291992188,0.9160319566726685,True,True,True
weast,66,4,2,0.57763671875,385,233,644,414,364.01324462890625,116.85617065429688,True,True,True
weast,67,3,2,0.219970703125,0,237,215,357,69.40764617919922,40.16648864746094,True,True,True
weast,67,30,2,0.102294921875,795,236,826,293,625.6846313476562,-7.367837905883789,True,True,True
weast,67,31,2,0.226806640625,302,233,395,303,258.290771484375,9.111371040344238,True,True,True
weast,67,36,2,0.18896484375,811,228,950,309,676.0999145507812,4.569250106811523,True,True,True
weast,67,44,2,0.1629638671875,682,228,732,303,541.320068359375,1.8309710025787354,True,True,True
weast,67,4,2,0.405517578125,378,233,637,414,358.9268493652344,116.85617065429688,True,True,True
weast,67,56,7,0.383056640625,372,234,638,417,356.96112060546875,119.19920349121094,True,True,False
weast,68,3,2,0.2108154296875,0,237,216,354,70.17357635498047,40.16648864746094,True,True,True
weast,68,30,2,0.1019287109375,796,236,826,293,626.4749755859375,-7.367837905883789,True,True,True
weast,68,31,2,0.219970703125,302,233,398,303,259.8544616699219,9.111371040344238,True,True,True
weast,68,36,2,0.1842041015625,811,228,950,309,676.0999145507812,4.569250106811523,True,True,True
weast,68,44,2,0.161376953125,682,226,733,303,541.320068359375,1.8309710025787354,True,True,True
weast,68,4,2,0.414794921875,376,233,635,413,357.64483642578125,116.07343292236328,True,True,True
weast,68,56,7,0.37744140625,371,234,637,417,356.2356872558594,119.19920349121094,True,True,True
weast,69,3,2,0.37939453125,1,236,217,360,70.53526306152344,65.79605865478516,True,True,True
weast,69,31,2,0.287841796875,304,234,398,303,260.6363220214844,9.111371040344238,True,True,True
weast,69,44,2,0.218017578125,684,230,736,303,543.3809204101562,2.744819164276123,True,True,True
weast,69,4,7,0.19677734375,367,234,628,413,351.9967956542969,115.28983306884766,True,True,True
weast,69,56,2,0.244384765625,365,236,628,414,351.1015930175781,116.07343292236328,True,True,True
weast,70,3,2,0.236572265625,0,237,218,354,70.9258041381836,41.03520965576172,True,True,True
weast,70,31,2,0.2379150390625,305,234,398,303,260.6363220214844,9.111371040344238,True,True,True
weast,70,44,2,0.132080078125,685,234,736,302,543.0853271484375,3.6575779914855957,True,True,True
weast,70,4,2,0.42822265625,357,235,621,413,346.1773681640625,115.28983306884766,True,True,True
weast,70,57,2,0.392333984375,195,236,326,322,188.81637573242188,16.32293701171875,True,True,False
weast,71,3,2,0.24072265625,0,238,219,351,70.93950653076172,40.16648864746094,True,True,True
weast,71,31,2,0.22265625,304,234,397,302,261.2513427734375,-0.9171268939971924,True,True,True
weast,71,4,2,0.470703125,348,236,614,413,340.3579406738281,115.28983306884766,True,True,True
weast,71,57,2,0.21728515625,195,236,325,323,188.81637573242188,16.32293701171875,True,True,True
weast,72,3,2,0.34521484375,0,239,219,350,70.9258041381836,41.03520965576172,True,True,True
weast,72,31,2,0.1639404296875,303,234,393,302,259.5505676269531,0.0,True,True,True
weast,72,4,2,0.51171875,339,235,607,413,334.53851318359375,115.28983306884766,True,True,True
weast,72,57,2,0.322509765625,196,237,326,323,189.5945281982422,16.32293701171875,True,True,True
weast,73,3,2,0.4091796875,0,239,219,350,70.9258041381836,41.03520965576172,True,True,True
weast,73,31,2,0.1749267578125,303,235,390,302,257.9775390625,0.0,True,True,True
weast,73,4,2,0.56591796875,332,235,603,413,330.1739501953125,115.28983306884766,True,True,True
weast,73,57,2,0.443603515625,196,237,327,325,188.1799774169922,31.42337417602539,True,True,True
weast,74,3,2,0.401611328125,0,238,219,350,70.9258041381836,41.03520965576172,True,True,True
weast,74,31,2,0.169921875,303,235,389,302,257.9775390625,0.0,True,True,True
weast,74,4,2,0.56982421875,330,235,602,413,329.4465026855469,115.28983306884766,True,True,True
weast,74,57,2,0.441650390625,196,237,327,325,188.1799774169922,31.42337417602539,True,True,True
weast,75,3,2,0.349609375,0,238,220,350,71.69129180908203,41.03520965576172,True,True,True
weast,75,31,2,0.1217041015625,302,235,392,303,258.6378479003906,0.9160319566726685,True,True,True
weast,75,4,2,0.5927734375,326,236,604,413,328.7190856933594,115.28983306884766,True,True,True
weast,75,57,2,0.4072265625,196,237,327,325,189.51052856445312,17.21959114074707,True,True,True
weast,76,3,2,0.262939453125,0,238,221,350,71.69129180908203,41.03520965576172,True,True,True
weast,76,4,2,0.466796875,321,235,602,414,325.6556396484375,116.07343292236328,True,True,True
weast,76,57,2,0.33642578125,197,237,328,327,188.78492736816406,33.180171966552734,True,True,True
weast,77,3,2,0.323486328125,0,238,222,350,72.45677185058594,41.03520965576172,True,True,True
weast,77,4,2,0.60205078125,313,236,601,413,322.899658203125,115.28983306884766,True,True,True
weast,77,57,2,0.310791015625,197,237,325,326,188.09765625,32.30228805541992,True,True,True
weast,78,3,2,0.453369140625,0,238,219,350,70.91211700439453,41.902923583984375,True,True,True
weast,78,4,2,0.61865234375,306,236,589,415,315.329345703125,116.85617065429688,True,True,True
weast,78,57,2,0.338134765625,196,237,320,326,187.09494018554688,18.11518669128418,True,True,True
weast,78,65,2,0.3701171875,910,233,982,287,735.6428833007812,-12.940312385559082,True,True,False
weast,79,3,2,0.405517578125,0,238,220,351,71.66304016113281,42.76962661743164,True,True,True
weast,79,4,2,0.70556640625,296,237,573,417,305.4559631347656,119.19920349121094,True,True,True
weast,79,57,2,0.25244140625,197,238,316,327,185.45896911621094,19.00972557067871,True,True,True
weast,79,65,2,0.35400390625,919,232,986,288,739.984619140625,-12.008770942687988,True,True,True
weast,80,3,2,0.4111328125,0,238,220,350,71.66304016113281,42.76962661743164,True,True,True
weast,80,4,2,0.69921875,292,237,567,417,301.828857421875,119.19920349121094,True,True,True
weast,80,57,2,0.2509765625,197,238,314,327,184.6822052001953,19.00972557067871,True,True,True
weast,80,65,2,0.346923828125,922,231,988,289,742.3626098632812,-12.008770942687988,True,True,True
weast,80,67,2,0.73095703125,542,237,598,305,432.776123046875,5.479836940765381,True,True,False
weast,81,3,2,0.418701171875,0,238,219,350,70.89844512939453,42.76962661743164,True,True,True
weast,81,4,2,0.74609375,288,237,562,417,298.9271545410156,119.19920349121094,True,True,True
weast,81,57,2,0.289306640625,196,238,313,327,183.82493591308594,19.90321159362793,True,True,True
weast,81,65,2,0.30908203125,925,233,989,289,743.947998046875,-12.008770942687988,True,True,True
weast,81,67,2,0.78271484375,539,237,597,305,430.98040771484375,6.389340400695801,True,True,True
weast,82,3,2,0.401611328125,0,239,220,352,71.6489486694336,43.63532257080078,True,True,True
weast,82,4,2,0.73583984375,282,237,558,416,295.573486328125,117.6380386352539,True,True,True
weast,82,57,2,0.216064453125,197,239,314,327,184.6012420654297,19.90321159362793,True,True,True
weast,82,65,3,0.1943359375,927,232,990,290,744.7406616210938,-12.008770942687988,True,True,True
weast,82,67,2,0.83984375,538,237,598,305,431.2087097167969,5.479836940765381,True,True,True
weast,83,3,2,0.418701171875,0,238,220,354,71.6489486694336,43.63532257080078,True,True,True
weast,83,4,2,0.67724609375,275,237,552,415,290.6240539550781,116.85617065429688,True,True,True
weast,83,57,2,0.182373046875,196,239,313,329,183.82493591308594,19.90321159362793,True,True,True
weast,83,65,2,0.127197265625,927,232,991,288,745.5333251953125,-12.008770942687988,True,True,True
weast,83,67,2,0.841796875,536,237,598,304,430.6531066894531,4.569250106811523,True,True,True
weast,84,3,2,0.36474609375,0,240,219,354,70.87115478515625,44.50001907348633,True,True,True
weast,84,4,2,0.67041015625,268,238,546,415,286.2643127441406,116.85617065429688,True,True,True
weast,84,65,2,0.313232421875,924,233,990,289,743.5289306640625,-11.078351020812988,True,True,True
weast,84,67,2,0.87060546875,532,238,597,305,428.0738830566406,5.479836940765381,True,True,True
weast,85,3,2,0.363037109375,0,240,219,353,70.88479614257812,43.63532257080078,True,True,True
weast,85,4,2,0.5830078125,262,239,541,415,281.9045715332031,116.85617065429688,True,True,True
weast,85,65,2,0.414794921875,923,235,994,290,744.3211059570312,-11.078351020812988,True,True,True
weast,85,67,2,0.8857421875,529,238,598,305,427.2901916503906,5.479836940765381,True,True,True
weast,86,3,2,0.304931640625,0,240,218,352,70.87115478515625,44.50001907348633,True,True,True
weast,86,4,2,0.515625,257,238,535,416,278.14410400390625,117.6380386352539,True,True,True
weast,86,65,2,0.37939453125,923,234,1001,290,747.0689697265625,-10.149049758911133,True,True,True
weast,86,67,2,0.880859375,529,239,598,305,427.51641845703125,4.569250106811523,True,True,True
weast,87,3,2,0.27587890625,0,241,218,352,70.85752868652344,45.36370849609375,True,True,True
weast,87,4,2,0.466796875,251,238,530,416,273.7867431640625,117.6380386352539,True,True,True
weast,87,65,2,0.137939453125,931,232,1008,289,753.0352783203125,-11.078351020812988,True,True,True
weast,87,67,2,0.8798828125,530,239,599,304,428.30059814453125,4.569250106811523,True,True,True
weast,87,70,2,0.5234375,819,238,917,280,677.19140625,-21.374954223632812,True,True,False
weast,88,3,2,0.3173828125,0,241,219,353,70.84392547607422,46.22639846801758,True,True,True
weast,88,4,2,0.57373046875,246,239,525,417,270.0328369140625,118.41905212402344,True,True,True
weast,88,65,2,0.1871337890625,937,231,1012,289,756.9962158203125,-11.078351020812988,True,True,True
weast,88,67,2,0.8798828125,531,240,599,304,429.3122253417969,3.6575779914855957,True,True,True
weast,88,70,2,0.453369140625,820,237,917,279,677.19140625,-21.374954223632812,True,True,True
weast,89,3,2,0.346923828125,0,242,218,356,70.83032989501953,47.08809280395508,True,True,True
weast,89,4,2,0.478515625,240,239,521,417,266.4036865234375,118.41905212402344,True,True,True
weast,89,65,2,0.42822265625,940,232,1015,290,759.372802734375,-11.078351020812988,True,True,True
weast,89,67,2,0.87841796875,532,240,599,304,429.3122253417969,3.6575779914855957,True,True,True
weast,89,70,2,0.4091796875,820,237,919,279,677.9888916015625,-21.374954223632812,True,True,True
weast,90,3,2,0.341552734375,0,243,217,359,70.06794738769531,47.08809280395508,True,True,True
weast,90,4,2,0.48828125,235,239,516,418,262.6559143066406,119.19920349121094,True,True,True
weast,90,65,2,0.34521484375,942,231,1016,290,760.9572143554688,-11.078351020812988,True,True,True
weast,90,67,2,0.86083984375,533,241,599,304,430.09686279296875,3.6575779914855957,True,True,True
weast,90,70,2,0.267333984375,819,238,921,280,678.4041748046875,-20.4332332611084,True,True,True
weast,91,3,2,0.269775390625,0,243,218,360,70.81675720214844,47.948787689208984,True,True,True
weast,91,4,2,0.346923828125,230,239,511,417,259.14544677734375,118.41905212402344,True,True,True
weast,91,65,2,0.390380859375,944,231,1016,291,761.3198852539062,-10.149049758911133,True,True,True
weast,91,67,2,0.84375,533,241,600,304,430.09686279296875,3.6575779914855957,True,True,True
weast,91,70,2,0.303955078125,819,239,922,280,678.4041748046875,-20.4332332611084,True,True,True
weast,91,44,7,0.3486328125,683,241,750,319,543.9466552734375,15.425222396850586,True,True,True
weast,92,3,7,0.24072265625,0,244,218,360,70.81675720214844,47.948787689208984,True,True,True
weast,92,4,2,0.48046875,222,241,502,417,253.33885192871094,118.41905212402344,True,True,True
weast,92,65,2,0.420654296875,948,232,1017,291,763.3338012695312,-11.078351020812988,True,True,True
weast,92,67,2,0.82568359375,535,242,600,304,431.11016845703125,2.744819164276123,True,True,True
weast,92,70,2,0.17724609375,820,239,920,280,678.4041748046875,-20.4332332611084,True,True,True
weast,92,75,2,0.4130859375,686,243,751,320,545.2095336914062,16.32293701171875,True,True,False
weast,92,44,7,0.48828125,686,242,751,320,545.2095336914062,16.32293701171875,True,True,True
weast,93,3,7,0.24072265625,0,244,218,360,70.81675720214844,47.948787689208984,True,True,True
weast,93,4,2,0.48046875,220,241,499,417,251.16139221191406,118.41905212402344,True,True,True
weast,93,65,2,0.418701171875,949,232,1017,291,764.1259765625,-11.078351020812988,True,True,True
weast,93,67,2,0.82568359375,535,242,600,303,431.11016845703125,2.744819164276123,True,True,True
weast,93,70,2,0.1766357421875,820,239,919,279,677.6072387695312,-20.4332332611084,True,True,True
weast,93,75,7,0.48828125,687,243,751,320,545.9876708984375,16.32293701171875,True,True,True
weast,93,44,2,0.4130859375,687,243,752,320,545.9876708984375,16.32293701171875,True,True,True
weast,94,3,2,0.301513671875,0,244,217,361,70.04169464111328,48.80848693847656,True,True,True
weast,94,4,2,0.341552734375,214,241,495,417,247.53225708007812,118.41905212402344,True,True,True
weast,94,65,2,0.420654296875,950,233,1017,291,764.1259765625,-11.078351020812988,True,True,True
weast,94,67,2,0.80419921875,536,242,599,303,431.11016845703125,2.744819164276123,True,True,True
weast,94,70,2,0.140869140625,817,240,919,281,674.5327758789062,-14.806764602661133,True,True,True
weast,94,75,2,0.2861328125,688,243,752,321,546.4708862304688,17.21959114074707,True,True,True
weast,94,44,7,0.525390625,688,243,752,321,546.4708862304688,17.21959114074707,True,True,True
weast,95,3,2,0.27587890625,0,246,219,361,70.8031997680664,48.80848693847656,True,True,True
weast,95,4,2,0.349609375,208,242,490,418,243.7948760986328,119.19920349121094,True,True,True
weast,95,65,2,0.36669921875,952,233,1017,291,764.9181518554688,-11.078351020812988,True,True,True
weast,95,67,2,0.80322265625,537,243,599,302,432.1246643066406,1.8309710025787354,True,True,True
weast,95,70,2,0.12042236328125,816,240,918,282,673.3611450195312,-13.872976303100586,True,True,True
weast,95,75,2,0.352294921875,688,243,752,322,546.1763305664062,18.11518669128418,True,True,True
weast,95,44,7,0.60400390625,688,243,752,322,546.1763305664062,18.11518669128418,True,True,True
weast,96,3,2,0.307373046875,0,245,220,361,71.55071258544922,49.66719055175781,True,True,True
weast,96,4,2,0.418701171875,204,242,486,419,240.78662109375,119.9784927368164,True,True,True
weast,96,65,2,0.39990234375,954,234,1018,291,766.5025634765625,-11.078351020812988,True,True,True
weast,96,67,2,0.8056640625,537,243,600,302,432.1246643066406,1.8309710025787354,True,True,True
weast,96,70,2,0.1131591796875,816,240,916,283,672.1909790039062,-12.940312385559082,True,True,True
weast,96,75,2,0.359375,689,243,753,322,546.9535522460938,18.11518669128418,True,True,True
weast,96,44,7,0.62060546875,689,243,753,323,546.9535522460938,18.11518669128418,True,True,True
weast,97,3,2,0.3056640625,0,247,220,361,71.53675079345703,50.524906158447266,True,True,True
weast,97,4,2,0.57177734375,203,243,482,420,238.50631713867188,120.75691986083984,True,True,True
weast,97,65,2,0.414794921875,957,233,1019,291,768.0869750976562,-11.078351020812988,True,True,True
weast,97,67,2,0.796875,538,243,601,302,433.140380859375,0.9160319566726685,True,True,True
weast,97,70,2,0.1298828125,818,240,923,283,675.3635864257812,-12.940312385559082,True,True,True
weast,97,75,2,0.35400390625,690,242,755,322,547.4356079101562,19.00972557067871,True,True,True
weast,97,44,7,0.57373046875,691,242,755,323,548.21240234375,19.00972557067871,True,True,True
weast,98,3,2,0.437744140625,0,249,217,363,70.00243377685547,51.38162612915039,True,True,True
weast,98,4,7,0.470703125,202,244,478,421,237.0570526123047,120.75691986083984,True,True,True
weast,98,65,2,0.36669921875,958,233,1020,290,768.879150390625,-11.078351020812988,True,True,True
weast,98,67,2,0.80322265625,540,243,602,302,434.71246337890625,0.9160319566726685,True,True,True
weast,98,70,2,0.36669921875,840,240,923,282,684.471923828125,-13.872976303100586,True,True,True
weast,98,44,7,0.5830078125,692,241,756,323,548.6934814453125,19.90321159362793,True,True,True
weast,98,83,7,0.39990234375,0,247,216,362,70.00243377685547,51.38162612915039,True,True,False
weast,99,3,7,0.35400390625,0,248,215,364,69.24224853515625,51.38162612915039,True,True,True
weast,99,4,2,0.368408203125,198,244,472,421,233.536376953125,119.9784927368164,True,True,True
weast,99,65,2,0.363037109375,961,233,1019,289,769.6713256835938,-11.078351020812988,True,True,True
weast,99,67,2,0.8291015625,542,243,602,301,435.4985046386719,0.9160319566726685,True,True,True
weast,99,70,2,0.259765625,849,240,920,284,686.0829467773438,-12.008770942687988,True,True,True
weast,99,44,7,0.466796875,691,242,757,325,548.6934814453125,19.90321159362793,True,True,True
weast,99,83,2,0.46484375,0,247,213,365,68.48206329345703,51.38162612915039,True,True,True
weast,99,84,7,0.325927734375,960,232,1019,289,768.879150390625,-11.078351020812988,True,True,False
weast,100,3,7,0.279052734375,0,248,210,365,67.72188568115234,51.38162612915039,True,True,True
weast,100,4,2,0.486328125,195,245,467,422,230.7372283935547,119.19920349121094,True,True,True
weast,100,65,2,0.388671875,963,233,1020,289,770.02880859375,-10.149049758911133,True,True,True
weast,100,67,2,0.8408203125,542,243,601,301,434.71246337890625,0.9160319566726685,True,True,True
weast,100,70,2,0.12890625,857,241,917,289,686.1538696289062,-6.442991256713867,True,True,True
weast,100,44,7,0.3486328125,691,242,757,326,548.3980712890625,20.795642852783203,True,True,True
weast,100,83,2,0.4111328125,0,247,204,366,65.430908203125,52.237361907958984,True,True,True
weast,100,84,7,0.29248046875,963,233,1019,289,770.02880859375,-10.149049758911133,True,True,True
weast,101,3,2,0.30322265625,0,248,205,365,65.430908203125,52.237361907958984,True,True,True
weast,101,4,2,0.56982421875,194,245,464,422,229.38665771484375,118.41905212402344,True,True,True
weast,101,67,2,0.83984375,544,243,603,300,436.2845764160156,0.9160319566726685,True,True,True
weast,101,44,7,0.515625,693,241,759,326,549.6538696289062,21.687023162841797,True,True,True
weast,101,83,7,0.248046875,0,248,204,367,65.42049407958984,53.09210968017578,True,True,True
weast,102,3,7,0.310791015625,0,249,207,364,66.17980194091797,53.09210968017578,True,True,True
weast,102,4,2,0.548828125,191,245,460,421,226.4833526611328,118.41905212402344,True,True,True
weast,102,67,2,0.841796875,545,243,603,299,437.3033752441406,0.0,True,True,True
weast,102,44,7,0.42431640625,693,241,760,327,549.6538696289062,21.687023162841797,True,True,True
weast,102,83,2,0.291015625,0,251,204,365,65.42049407958984,53.09210968017578,True,True,True
weast,102,65,2,0.30908203125,968,234,1021,288,770.6644897460938,-6.442991256713867,True,True,True
weast,103,3,7,0.310791015625,0,249,205,364,65.42049407958984,53.09210968017578,True,True,True
weast,103,4,2,0.45703125,181,245,452,421,220.04611206054688,117.6380386352539,True,True,True
weast,103,67,2,0.82568359375,547,244,604,299,438.3233947753906,-0.9171268939971924,True,True,True
weast,103,44,7,0.5,694,241,763,328,550.6119995117188,23.46664047241211,True,True,True
weast,103,83,2,0.418701171875,0,249,198,367,63.142574310302734,53.09210968017578,True,True,True
weast,103,65,2,0.25390625,971,235,1022,287,773.1146850585938,-8.293794631958008,True,True,True
weast,104,3,7,0.30908203125,0,248,204,364,65.42049407958984,53.09210968017578,True,True,True
weast,104,4,2,0.458984375,177,245,450,421,217.867431640625,117.6380386352539,True,True,True
weast,104,67,2,0.82568359375,548,244,604,299,439.1103820800781,-0.9171268939971924,True,True,True
weast,104,44,7,0.498046875,694,241,764,328,551.3865356445312,23.46664047241211,True,True,True
weast,104,83,2,0.418701171875,0,249,197,367,62.383270263671875,53.09210968017578,True,True,True
weast,104,65,2,0.25390625,972,235,1022,287,773.9054565429688,-8.293794631958008,True,True,True
weast,104,87,2,0.322509765625,432,257,464,314,336.3039245605469,10.016560554504395,True,True,False
weast,105,4,2,0.56982421875,177,245,447,422,217.23489379882812,116.85617065429688,True,True,True
weast,105,67,2,0.8291015625,549,244,605,299,439.8973693847656,-0.9171268939971924,True,True,True
weast,105,44,7,0.521484375,695,242,766,328,552.1610107421875,23.46664047241211,True,True,True
weast,105,87,3,0.1812744140625,433,258,465,315,337.0853271484375,10.016560554504395,True,True,True
weast,106,4,2,0.525390625,177,245,443,422,215.87461853027344,116.07343292236328,True,True,True
weast,106,67,2,0.82421875,551,244,606,298,440.6843566894531,-0.9171268939971924,True,True,True
weast,106,44,7,0.6259765625,696,242,768,329,553.412353515625,24.35487937927246,True,True,True
weast,106,3,2,0.304931640625,0,253,171,364,52.488670349121094,59.894771575927734,True,True,True
weast,106,65,2,0.299072265625,974,238,1024,287,775.9244995117188,-9.220865249633789,True,True,True
weast,107,4,2,0.5,175,245,440,422,213.78541564941406,115.28983306884766,True,True,True
weast,107,67,2,0.841796875,552,244,607,298,441.7070007324219,-1.8353506326675415,True,True,True
weast,107,44,7,0.556640625,698,242,770,329,554.6622314453125,25.24207305908203,True,True,True
weast,107,3,2,0.4130859375,0,257,164,363,50.21957778930664,60.7407112121582,True,True,True
weast,107,65,2,0.401611328125,976,238,1025,286,776.7157592773438,-9.220865249633789,True,True,True
weast,108,4,2,0.6494140625,175,245,438,421,213.14956665039062,114.50536346435547,True,True,True
weast,108,67,2,0.85693359375,554,244,608,298,443.5188293457031,-2.7546732425689697,True,True,True
weast,108,44,7,0.57568359375,700,240,773,329,556.2094116210938,25.24207305908203,True,True,True
weast,108,3,2,0.403564453125,0,259,163,363,49.46419143676758,60.7407112121582,True,True,True
weast,108,65,2,0.2337646484375,977,239,1025,284,778.8255004882812,-12.008770942687988,True,True,True
weast,109,4,2,0.63720703125,174,246,435,421,211.78477478027344,113.72003173828125,True,True,True
weast,109,67,2,0.85498046875,555,244,609,298,444.3067626953125,-2.7546732425689697,True,True,True
weast,109,44,7,0.517578125,702,241,775,331,557.4569091796875,26.12822723388672,True,True,True
weast,109,3,2,0.302490234375,0,254,192,364,60.82585906982422,57.351104736328125,True,True,True
weast,109,87,3,0.4130859375,441,265,473,314,343.5121154785156,9.111371040344238,True,True,True
weast,110,4,2,0.6826171875,172,247,431,420,209.68984985351562,112.93383026123047,True,True,True
weast,110,67,2,0.85009765625,555,243,609,297,444.5444030761719,-3.6750965118408203,True,True,True
weast,110,44,7,0.46875,703,241,777,332,558.7029418945312,27.013341903686523,True,True,True
weast,110,3,2,0.435791015625,0,251,202,362,64.62139129638672,56.50126647949219,True,True,True
weast,110,87,3,0.31396484375,442,263,474,313,344.4703369140625,8.205105781555176,True,True,True
weast,111,4,2,0.57373046875,171,248,428,420,208.23257446289062,112.93383026123047,True,True,True
weast,111,67,2,0.84814453125,556,243,610,296,445.3327941894531,-3.6750965118408203,True,True,True
weast,111,44,7,0.56005859375,703,241,780,332,559.4756469726562,27.013341903686523,True,True,True
weast,111,3,2,0.310791015625,0,249,207,362,66.1473159790039,55.65045166015625,True,True,True
weast,111,87,3,0.494140625,446,273,475,312,346.2125244140625,7.297762393951416,True,True,True
weast,112,4,7,0.2421875,170,247,425,419,206.951904296875,111.35881042480469,True,True,True
weast,112,67,2,0.85400390625,558,244,610,295,446.3600769042969,-4.596622943878174,True,True,True
weast,112,44,7,0.43408203125,704,241,783,332,560.7197265625,27.897417068481445,True,True,True
weast,112,3,2,0.184814453125,0,250,200,362,63.863834381103516,56.50126647949219,True,True,True
weast,112,87,3,0.56591796875,449,277,476,312,347.778076171875,7.297762393951416,True,True,True
weast,112,100,2,0.394287109375,541,248,562,279,424.3927917480469,-21.374954223632812,True,True,False
weast,113,4,2,0.313232421875,170,246,422,419,206.2224578857422,111.35881042480469,True,True,True
weast,113,67,2,0.8447265625,559,244,611,295,447.1489562988281,-4.596622943878174,True,True,True
weast,113,44,7,0.414794921875,705,242,784,331,561.190673828125,28.78045654296875,True,True,True
weast,113,3,2,0.35400390625,0,250,207,363,66.13651275634766,56.50126647949219,True,True,True
weast,113,87,3,0.5390625,451,279,477,313,349.3436279296875,7.297762393951416,True,True,True
weast,113,100,2,0.46484375,541,248,563,279,425.19024658203125,-21.374954223632812,True,True,True
weast,114,4,2,0.342529296875,171,246,418,420,204.76358032226562,111.35881042480469,True,True,True
weast,114,67,2,0.82080078125,561,244,611,295,447.9378356933594,-4.596622943878174,True,True,True
weast,114,44,7,0.3720703125,707,242,786,330,562.4323120117188,29.662460327148438,True,True,True
weast,114,3,2,0.342529296875,0,253,192,365,60.8181266784668,58.19997024536133,True,True,True
weast,114,87,3,0.60009765625,453,279,479,313,350.7288513183594,8.205105781555176,True,True,True
weast,114,100,2,0.490234375,544,249,564,280,426.5555725097656,-20.4332332611084,True,True,True
weast,115,4,7,0.1865234375,172,246,415,420,204.1209716796875,110.56999206542969,True,True,True
weast,115,67,2,0.83203125,562,244,612,294,448.96728515625,-5.519253730773926,True,True,True
weast,115,44,7,0.394287109375,708,242,786,332,563.20361328125,29.662460327148438,True,True,True
weast,115,3,2,0.361083984375,0,254,186,372,58.54164123535156,59.047855377197266,True,True,True
weast,115,87,3,0.61669921875,454,277,480,313,351.69195556640625,7.297762393951416,True,True,True
weast,115,100,2,0.59814453125,545,250,565,280,427.3525695800781,-20.4332332611084,True,True,True
weast,116,4,7,0.1883544921875,170,246,411,420,201.93142700195312,110.56999206542969,True,True,True
weast,116,67,2,0.83203125,562,244,612,294,448.96728515625,-5.519253730773926,True,True,True
weast,116,44,7,0.294189453125,708,242,787,336,562.6000366210938,31.42337417602539,True,True,True
weast,116,3,2,0.363037109375,0,252,194,376,61.38950729370117,77.45806121826172,True,True,True
weast,116,87,3,0.5546875,455,277,481,312,352.4747314453125,7.297762393951416,True,True,True
weast,116,100,2,0.42822265625,545,250,565,280,427.3525695800781,-20.4332332611084,True,True,True
weast,117,4,2,0.4111328125,171,247,408,419,201.28688049316406,109.7802963256836,True,True,True
weast,117,67,2,0.8232421875,562,245,611,294,448.1779479980469,-5.519253730773926,True,True,True
weast,117,44,7,0.307373046875,708,242,789,337,563.0687866210938,32.30228805541992,True,True,True
weast,117,3,2,0.4130859375,0,252,192,374,60.6426887512207,77.45806121826172,True,True,True
weast,117,87,3,0.59619140625,455,277,482,312,352.4747314453125,7.297762393951416,True,True,True
weast,117,100,2,0.325927734375,546,250,565,281,427.3525695800781,-20.4332332611084,True,True,True
weast,118,4,2,0.45703125,171,248,405,419,200.64163208007812,108.98973083496094,True,True,True
weast,118,67,2,0.81884765625,562,245,611,294,448.1779479980469,-5.519253730773926,True,True,True
weast,118,44,7,0.312255859375,710,242,792,339,565.075927734375,33.180171966552734,True,True,True
weast,118,3,2,0.48046875,0,253,190,372,60.05414581298828,59.047855377197266,True,True,True
weast,118,87,3,0.5830078125,456,277,482,312,353.25750732421875,7.297762393951416,True,True,True
weast,118,100,2,0.368408203125,546,250,565,281,427.3525695800781,-20.4332332611084,True,True,True
weast,119,4,2,0.455078125,171,248,404,420,199.91098022460938,108.98973083496094,True,True,True
weast,119,67,2,0.81884765625,562,245,612,294,448.96728515625,-5.519253730773926,True,True,True
weast,119,44,7,0.31396484375,710,242,793,339,565.075927734375,33.180171966552734,True,True,True
weast,119,3,2,0.482421875,0,253,190,370,60.04686737060547,59.894771575927734,True,True,True
weast,119,87,3,0.5830078125,456,276,483,311,353.25750732421875,7.297762393951416,True,True,True
weast,119,100,2,0.36669921875,546,250,565,281,427.3525695800781,-20.4332332611084,True,True,True
weast,120,4,2,0.37939453125,169,248,398,417,197.15455627441406,107.40595245361328,True,True,True
weast,120,67,2,0.7880859375,563,245,611,293,449.2081604003906,-6.442991256713867,True,True,True
weast,120,44,3,0.267333984375,710,242,793,341,564.7736206054688,34.05703353881836,True,True,True
weast,120,3,2,0.39794921875,0,257,179,370,55.50727844238281,60.7407112121582,True,True,True
weast,120,87,3,0.61865234375,456,275,483,311,353.439453125,6.389340400695801,True,True,True
weast,120,100,2,0.1422119140625,545,250,564,280,426.5555725097656,-20.4332332611084,True,True,True
weast,121,4,2,0.42431640625,170,249,393,417,195.77406311035156,106.61274719238281,True,True,True
weast,121,67,2,0.79931640625,563,245,611,293,449.2081604003906,-6.442991256713867,True,True,True
weast,121,44,3,0.1510009765625,711,242,795,342,566.0088500976562,34.93286895751953,True,True,True
weast,121,3,2,0.43017578125,0,254,180,371,56.262664794921875,60.7407112121582,True,True,True
weast,121,87,3,0.63720703125,457,275,484,311,354.2226867675781,6.389340400695801,True,True,True
weast,121,100,2,0.490234375,546,250,564,279,427.3525695800781,-20.4332332611084,True,True,True
weast,122,4,7,0.462890625,172,248,391,417,195.85658264160156,105.81865692138672,True,True,True
weast,122,67,2,0.8056640625,565,245,612,293,449.99798583984375,-6.442991256713867,True,True,True
weast,122,44,7,0.267333984375,713,242,797,343,566.9395141601562,36.68147659301758,True,True,True
weast,122,3,2,0.486328125,0,253,185,388,57.637943267822266,79.93301391601562,True,True,True
weast,122,87,3,0.689453125,458,274,485,310,355.18902587890625,5.479836940765381,True,True,True
weast,122,100,2,0.4072265625,546,250,565,279,427.3525695800781,-20.4332332611084,True,True,True
weast,122,106,2,0.363037109375,173,248,392,416,196.5888671875,105.81865692138672,True,True,False
weast,123,4,7,0.420654296875,172,248,387,416,194.4738311767578,105.023681640625,True,True,True
weast,123,67,2,0.80322265625,565,245,612,293,450.2395935058594,-7.367837905883789,True,True,True
weast,123,44,7,0.329345703125,714,243,798,345,567.404052734375,37.55425262451172,True,True,True
weast,123,3,2,0.302490234375,0,254,186,393,58.371036529541016,81.57831573486328,True,True,True
weast,123,87,3,0.6259765625,460,275,486,310,356.7564392089844,5.479836940765381,True,True,True
weast,123,100,2,0.388671875,546,250,565,279,427.3525695800781,-20.4332332611084,True,True,True
weast,123,106,2,0.458984375,174,248,389,416,195.939208984375,105.023681640625,True,True,True
weast,124,4,7,0.12335205078125,55,248,382,415,149.72279357910156,105.81865692138672,True,True,True
weast,124,67,2,0.7958984375,563,245,610,292,448.6590270996094,-7.367837905883789,True,True,True
weast,124,44,7,0.31396484375,713,244,797,346,566.3344116210938,38.4260139465332,True,True,True
weast,124,3,2,0.313232421875,0,254,175,374,53.925045013427734,76.63121032714844,True,True,True
weast,124,87,3,0.64599609375,458,274,485,309,355.18902587890625,5.479836940765381,True,True,True
weast,124,100,2,0.4091796875,545,250,563,279,426.5555725097656,-20.4332332611084,True,True,True
weast,124,106,7,0.3720703125,171,249,383,416,193.0895233154297,104.22782135009766,True,True,True
weast,125,4,7,0.251708984375,16,247,377,414,135.77572631835938,69.98242950439453,True,True,True
weast,125,67,2,0.8173828125,562,245,609,292,448.1092224121094,-8.293794631958008,True,True,True
weast,125,44,7,0.35400390625,711,244,797,347,565.2659912109375,39.296756744384766,True,True,True
weast,125,3,2,0.2127685546875,0,256,168,390,51.675987243652344,79.10896301269531,True,True,True
weast,125,87,3,0.63720703125,457,275,484,309,354.588134765625,4.569250106811523,True,True,True
weast,125,100,2,0.30078125,542,249,561,279,424.3927917480469,-21.374954223632812,True,True,True
weast,125,106,7,0.4072265625,168,249,377,415,189.50315856933594,103.43107604980469,True,True,True
weast,126,4,7,0.286865234375,0,247,373,414,128.26922607421875,69.98242950439453,True,True,True
weast,126,67,2,0.82666015625,560,245,607,292,446.5276794433594,-8.293794631958008,True,True,True
weast,126,44,7,0.509765625,711,245,798,348,564.9647827148438,40.16648864746094,True,True,True
weast,126,3,2,0.286865234375,0,255,164,396,50.177677154541016,82.39956665039062,True,True,True
weast,126,87,3,0.62451171875,456,275,483,309,353.803955078125,4.569250106811523,True,True,True
weast,126,100,2,0.383056640625,540,249,561,279,423.5953063964844,-21.374954223632812,True,True,True
weast,126,106,7,0.3486328125,167,248,373,415,188.03614807128906,103.43107604980469,True,True,True
weast,127,4,7,0.259033203125,0,247,367,413,126.06214141845703,69.14706420898438,True,True,True
weast,127,67,2,0.7919921875,559,244,606,291,446.2159423828125,-10.149049758911133,True,True,True
weast,127,44,7,0.552734375,710,244,797,348,564.1988525390625,40.16648864746094,True,True,True
weast,127,3,2,0.2147216796875,0,251,180,400,56.1121940612793,85.67533111572266,True,True,True
weast,127,87,3,0.5830078125,454,274,483,308,353.201904296875,3.6575779914855957,True,True,True
weast,127,100,2,0.388671875,538,248,560,278,423.02532958984375,-22.31781578063965,True,True,True
weast,127,106,2,0.279052734375,166,247,368,414,185.9900665283203,101.83492279052734,True,True,True
weast,128,4,2,0.4130859375,92,246,361,413,155.7015380859375,104.22782135009766,True,True,True
weast,128,67,2,0.80322265625,555,243,602,290,443.287109375,-11.078351020812988,True,True,True
weast,128,44,7,0.5,707,242,797,347,563.7332763671875,39.296756744384766,True,True,True
weast,128,3,2,0.381103515625,0,249,179,388,55.396751403808594,80.7561264038086,True,True,True
weast,128,87,3,0.60009765625,452,275,480,307,351.81402587890625,2.744819164276123,True,True,True
weast,128,100,2,0.1519775390625,534,248,555,277,419.26092529296875,-23.26181983947754,True,True,True
weast,128,106,7,0.445556640625,162,246,361,413,181.43460083007812,103.43107604980469,True,True,True
weast,129,4,7,0.401611328125,133,248,351,415,167.4311065673828,104.22782135009766,True,True,True
weast,129,67,2,0.7607421875,550,244,596,291,439.0904846191406,-10.149049758911133,True,True,True
weast,129,44,7,0.43212890625,703,243,793,349,560.0709838867188,41.03520965576172,True,True,True
weast,129,3,2,0.43212890625,0,250,172,391,53.15155029296875,83.21989440917969,True,True,True
weast,129,87,3,0.64599609375,446,276,474,308,346.9247741699219,3.6575779914855957,True,True,True
weast,129,100,2,0.355712890625,529,249,550,278,415.0457763671875,-22.31781578063965,True,True,True
weast,129,106,2,0.455078125,155,248,352,414,175.49517822265625,104.22782135009766,True,True,True
weast,129,112,2,0.33447265625,703,244,793,349,560.0709838867188,41.03520965576172,True,True,False
weast,130,4,2,0.312255859375,143,248,344,414,168.29884338378906,102.6334457397461,True,True,True
weast,130,67,2,0.78271484375,547,245,594,291,436.71533203125,-10.149049758911133,True,True,True
weast,130,44,7,0.615234375,700,244,791,351,557.1818237304688,42.76962661743164,True,True,True
weast,130,3,2,0.193115234375,0,253,146,398,43.49007034301758,86.49195861816406,True,True,True
weast,130,87,3,0.61865234375,443,275,472,308,344.57086181640625,3.6575779914855957,True,True,True
weast,130,100,2,0.2451171875,527,249,545,279,412.4306945800781,-21.374954223632812,True,True,True
weast,130,106,7,0.484375,149,248,344,415,170.4320068359375,103.43107604980469,True,True,True
weast,130,112,2,0.13525390625,700,245,791,350,557.1818237304688,42.76962661743164,True,True,True
weast,131,4,2,0.31494140625,142,249,336,415,165.29745483398438,103.43107604980469,True,True,True
weast,131,67,2,0.796875,544,244,589,291,433.5484619140625,-10.149049758911133,True,True,True
weast,131,44,7,0.513671875,696,244,789,352,554.593505859375,43.63532257080078,True,True,True
weast,131,3,2,0.10858154296875,0,260,151,401,44.982513427734375,91.37248992919922,True,True,True
weast,131,87,3,0.64404296875,440,275,468,308,342.0413513183594,4.569250106811523,True,True,True
weast,131,100,2,0.138916015625,523,249,541,279,409.2408142089844,-21.374954223632812,True,True,True
weast,131,106,7,0.34521484375,143,249,336,415,165.29745483398438,103.43107604980469,True,True,True
weast,131,112,2,0.381103515625,696,244,788,352,554.593505859375,43.63532257080078,True,True,True
weast,131,117,2,0.359375,785,242,836,276,632.0001831054688,-24.20697021484375,True,True,False
weast,131,120,7,0.394287109375,0,248,336,414,114.71914672851562,70.81684112548828,True,True,False
weast,132,4,2,0.1829833984375,138,252,328,417,160.7700958251953,105.023681640625,True,True,True
weast,132,67,2,0.7744140625,540,246,585,291,430.15142822265625,-9.220865249633789,True,True,True
weast,132,44,2,0.537109375,693,245,786,354,551.7156982421875,45.36370849609375,True,True,True
weast,132,87,3,0.611328125,435,276,465,309,338.73114013671875,5.479836940765381,True,True,True
weast,132,106,7,0.1561279296875,139,251,328,417,160.83322143554688,104.22782135009766,True,True,True
weast,132,112,7,0.315673828125,694,245,786,354,552.47900390625,45.36370849609375,True,True,True
weast,132,117,2,0.19677734375,783,242,833,277,630.048828125,-23.26181983947754,True,True,True
weast,132,120,7,0.43017578125,0,250,328,416,111.60846710205078,73.31438446044922,True,True,True
weast,133,4,2,0.182373046875,139,252,327,417,160.7700958251953,105.023681640625,True,True,True
weast,133,67,2,0.7734375,542,246,586,291,431.7339172363281,-9.220865249633789,True,True,True
weast,133,44,2,0.525390625,694,245,787,354,552.47900390625,45.36370849609375,True,True,True
weast,133,87,3,0.611328125,436,276,466,309,339.5148620605469,5.479836940765381,True,True,True
weast,133,106,7,0.1561279296875,140,251,327,417,160.7700958251953,105.023681640625,True,True,True
weast,133,112,7,0.30908203125,694,245,787,354,552.47900390625,45.36370849609375,True,True,True
weast,133,117,2,0.19189453125,785,243,833,277,630.8472900390625,-23.26181983947754,True,True,True
weast,133,120,7,0.43017578125,1,250,328,416,111.60846710205078,73.31438446044922,True,True,True
weast,133,122,2,0.390380859375,921,241,967,290,733.2304077148438,-11.078351020812988,True,True,False
weast,134,67,2,0.7919921875,537,247,581,291,427.7777099609375,-9.220865249633789,True,True,True
weast,134,44,2,0.47265625,690,245,784,355,549.8978881835938,46.22639846801758,True,True,True
weast,134,87,3,0.63720703125,432,277,463,311,336.0364074707031,7.297762393951416,True,True,True
weast,134,112,7,0.51953125,690,245,784,355,549.8978881835938,46.22639846801758,True,True,True
weast,134,117,2,0.30078125,779,242,828,276,626.40771484375,-24.20697021484375,True,True,True
weast,134,120,7,0.445556640625,0,254,319,420,107.55567932128906,80.7561264038086,True,True,True
weast,134,122,2,0.441650390625,918,239,954,286,728.5319213867188,-14.806764602661133,True,True,True
weast,135,67,2,0.822265625,534,246,578,291,425.6312561035156,-10.149049758911133,True,True,True
weast,135,44,7,0.381103515625,689,242,784,354,549.4259033203125,45.36370849609375,True,True,True
weast,135,87,3,0.615234375,430,279,460,312,334.30029296875,8.205105781555176,True,True,True
weast,135,112,2,0.56396484375,689,242,784,354,549.4259033203125,45.36370849609375,True,True,True
weast,135,120,7,0.383056640625,0,260,313,423,105.12421417236328,85.67533111572266,True,True,True
weast,135,122,2,0.12548828125,912,233,958,279,729.7954711914062,-19.492652893066406,True,True,True
weast,136,67,2,0.83203125,533,245,577,291,424.83953857421875,-10.149049758911133,True,True,True
weast,136,44,7,0.470703125,690,240,786,352,551.2445068359375,44.50001907348633,True,True,True
weast,136,87,3,0.5927734375,431,279,460,312,334.30029296875,8.205105781555176,True,True,True
weast,136,112,2,0.3701171875,690,239,786,352,551.2445068359375,44.50001907348633,True,True,True
weast,136,120,7,0.383056640625,1,262,311,428,104.41645050048828,103.43107604980469,True,True,True
weast,136,122,2,0.401611328125,917,228,967,276,737.4580688476562,-24.20697021484375,True,True,True
weast,136,4,2,0.291015625,135,263,313,427,153.64369201660156,112.14675903320312,True,True,True
weast,137,67,2,0.83203125,533,245,577,291,424.83953857421875,-10.149049758911133,True,True,True
weast,137,44,7,0.46875,690,240,786,353,551.2445068359375,44.50001907348633,True,True,True
weast,137,87,3,0.5947265625,432,279,460,311,335.0826110839844,8.205105781555176,True,True,True
weast,137,112,2,0.3701171875,690,239,786,353,551.2445068359375,44.50001907348633,True,True,True
weast,137,120,7,0.383056640625,2,261,310,428,104.41645050048828,103.43107604980469,True,True,True
weast,137,122,2,0.401611328125,920,228,971,276,739.8548583984375,-24.20697021484375,True,True,True
weast,137,124,2,0.381103515625,847,230,905,261,689.4033813476562,-35.63888168334961,True,True,False
weast,137,4,2,0.290283203125,136,263,312,427,153.64369201660156,112.14675903320312,True,True,True
weast,138,67,2,0.80322265625,530,245,574,290,422.4643859863281,-10.149049758911133,True,True,True
weast,138,44,2,0.3173828125,687,239,785,352,549.7171020507812,44.50001907348633,True,True,True
weast,138,87,3,0.6533203125,429,280,458,312,332.5662536621094,9.111371040344238,True,True,True
weast,138,112,7,0.294189453125,688,238,785,352,549.7171020507812,44.50001907348633,True,True,True
weast,138,120,7,0.25830078125,0,265,304,431,101.36212158203125,106.61274719238281,True,True,True
weast,138,122,2,0.392333984375,921,225,970,274,741.1175537109375,-27.049314498901367,True,True,True
weast,138,124,2,0.287841796875,843,227,905,261,688.1854248046875,-36.59911346435547,True,True,True
weast,138,4,2,0.441650390625,132,265,306,430,149.88499450683594,113.72003173828125,True,True,True
weast,139,67,2,0.80078125,524,247,568,291,417.7140808105469,-10.149049758911133,True,True,True
weast,139,44,2,0.338134765625,683,239,781,353,546.3728637695312,45.36370849609375,True,True,True
weast,139,87,3,0.5947265625,425,281,453,314,329.271484375,10.016560554504395,True,True,True
weast,139,112,7,0.34521484375,683,239,781,353,546.3728637695312,45.36370849609375,True,True,True
weast,139,120,7,0.2294921875,0,269,297,435,98.26490020751953,111.35881042480469,True,True,True
weast,139,122,2,0.48828125,918,225,965,273,738.7564697265625,-28.949975967407227,True,True,True
weast,139,124,2,0.289306640625,837,227,901,264,682.2179565429688,-31.809659957885742,True,True,True
weast,139,4,2,0.3408203125,127,268,297,434,144.5723419189453,116.85617065429688,True,True,True
weast,139,100,2,0.32763671875,499,253,523,284,391.8680419921875,-18.55320930480957,True,True,True
weast,140,67,2,0.8017578125,516,248,560,292,411.3803405761719,-10.149049758911133,True,True,True
weast,140,87,3,0.51171875,417,283,446,315,322.69366455078125,11.823721885681152,True,True,True
weast,140,120,2,0.39794921875,81,272,285,438,123.29073333740234,120.75691986083984,True,True,True
weast,140,122,2,0.346923828125,913,222,956,270,733.982666015625,-30.855270385742188,True,True,True
weast,140,4,7,0.403564453125,120,272,285,438,137.10801696777344,119.9784927368164,True,True,True
weast,140,100,2,0.1280517578125,491,254,513,285,384.5,-17.614900588989258,True,True,True
weast,141,67,2,0.80419921875,517,247,561,291,411.9528503417969,-9.220865249633789,True,True,True
weast,141,87,3,0.51171875,418,283,447,315,323.47412109375,11.823721885681152,True,True,True
weast,141,120,7,0.39794921875,117,271,283,439,135.657958984375,119.9784927368164,True,True,True
weast,141,122,2,0.3486328125,915,221,956,270,735.6236572265625,-32.76521301269531,True,True,True
weast,141,4,2,0.4111328125,121,271,284,439,137.10801696777344,119.9784927368164,True,True,True
weast,141,100,2,0.131591796875,491,253,514,285,384.5,-17.614900588989258,True,True,True
weast,141,44,7,0.47265625,677,238,779,355,543.032470703125,46.22639846801758,True,True,True
weast,142,67,2,0.810546875,505,248,550,291,402.6714172363281,-10.149049758911133,True,True,True
weast,142,87,3,0.5830078125,408,283,437,316,315.6695556640625,11.823721885681152,True,True,True
weast,142,122,2,0.51953125,905,217,942,265,728.4769287109375,-38.52310562133789,True,True,True
weast,142,4,7,0.49609375,106,276,269,444,126.01612854003906,123.86210632324219,False,True,True
weast,142,100,2,0.1280517578125,479,254,504,286,375.7490234375,-17.614900588989258,True,True,True
weast,142,44,7,0.62451171875,668,236,774,355,537.9769287109375,45.36370849609375,True,True,True
weast,143,67,2,0.810546875,506,247,551,291,403.463134765625,-10.149049758911133,True,True,True
weast,143,87,3,0.5830078125,409,282,438,316,316.2906494140625,12.725696563720703,True,True,True
weast,143,122,2,0.515625,906,217,942,265,728.8659057617188,-37.560523986816406,True,True,True
weast,143,4,7,0.49609375,105,276,268,445,125.25032806396484,124.63626861572266,False,True,True
weast,143,100,2,0.1280517578125,480,254,506,286,377.340087890625,-17.614900588989258,True,True,True
weast,143,44,7,0.62255859375,671,236,777,356,539.6959838867188,47.08809280395508,True,True,True
weast,143,126,7,0.302490234375,636,231,680,269,512.256103515625,-29.902042388916016,True,True,False
weast,144,67,2,0.7646484375,504,249,548,294,401.4539489746094,-8.293794631958008,True,True,True
weast,144,87,3,0.57568359375,407,285,435,319,314.414306640625,14.526445388793945,True,True,True
weast,144,122,2,0.5,904,218,939,265,725.204345703125,-34.6798210144043,True,True,True
weast,144,4,7,0.422607421875,102,280,263,449,122.23651885986328,126.95368194580078,False,True,True
weast,144,100,2,0.418701171875,477,257,501,287,373.7635498046875,-15.741680145263672,True,True,True
weast,144,44,7,0.368408203125,668,237,778,359,538.081298828125,49.66719055175781,True,True,True
weast,144,126,7,0.27197265625,633,234,679,271,510.3704833984375,-28.949975967407227,True,True,True
weast,145,67,2,0.75634765625,501,252,543,296,397.8699035644531,-6.442991256713867,True,True,True
weast,145,87,3,0.501953125,403,288,431,322,310.986083984375,16.32293701171875,True,True,True
weast,145,122,2,0.1561279296875,899,219,934,261,720.7716064453125,-33.72193145751953,True,True,True
weast,145,4,7,0.4921875,95,283,255,452,117.07180786132812,129.2634735107422,False,True,True
weast,145,100,2,0.2239990234375,472,259,497,289,369.4020080566406,-13.872976303100586,True,True,True
weast,145,44,7,0.56005859375,664,239,774,361,534.4739990234375,51.38162612915039,True,True,True
weast,145,126,7,0.1441650390625,625,233,664,272,500.2030944824219,-27.049314498901367,True,True,True
weast,145,129,7,0.33447265625,0,0,378,436,127.02482604980469,131.5657196044922,False,True,False
weast,146,67,2,0.69580078125,488,256,528,302,386.0000305175781,-2.7546732425689697,True,True,True
weast,146,87,3,0.4609375,389,295,417,327,299.1990966796875,21.687023162841797,True,True,True
weast,146,4,7,0.2127685546875,76,290,234,461,102.39559173583984,136.1476287841797,False,True,True
weast,146,44,7,0.318359375,652,242,762,367,523.9761352539062,55.65045166015625,True,True,True
weast,146,126,7,0.1312255859375,605,236,644,275,484.7271423339844,-28.949975967407227,True,True,True
weast,146,129,7,0.24072265625,0,3,362,367,122.88028717041016,101.03550720214844,True,True,True
weast,147,67,2,0.69580078125,488,256,528,302,386.0000305175781,-2.7546732425689697,True,True,True
weast,147,87,3,0.4609375,390,295,417,327,299.1990966796875,21.687023162841797,True,True,True
weast,147,4,7,0.2147216796875,75,289,232,462,100.96212005615234,136.1476287841797,False,True,True
weast,147,44,7,0.3173828125,654,242,763,368,524.734130859375,55.65045166015625,True,True,True
weast,147,126,7,0.1312255859375,604,235,643,274,484.1916198730469,-29.902042388916016,True,True,True
weast,147,129,7,0.2337646484375,1,1,362,342,124.07870483398438,78.28398132324219,True,True,True
weast,148,67,2,0.763671875,482,257,523,302,381.0727844238281,-1.8353506326675415,True,True,True
weast,148,87,3,0.57763671875,385,292,411,327,295.1761779785156,22.577354431152344,True,True,True
weast,148,4,2,0.388671875,61,292,223,464,93.00347900390625,138.42738342285156,False,True,True
weast,148,44,7,0.48828125,648,242,759,369,520.6717529296875,56.50126647949219,True,True,True
weast,148,126,7,0.1329345703125,597,236,642,276,479.14385986328125,-23.26181983947754,True,True,True
weast,148,129,7,0.299072265625,1,1,353,348,120.80177307128906,84.03929901123047,True,True,True
weast,149,67,2,0.74755859375,475,258,515,301,375.36444091796875,-0.9171268939971924,True,True,True
weast,149,87,3,0.5908203125,377,293,404,328,288.8345031738281,23.46664047241211,True,True,True
weast,149,4,2,0.173828125,53,294,211,468,85.76432800292969,141.4555206298828,False,True,True
weast,149,44,7,0.69287109375,641,243,754,372,515.3187866210938,59.047855377197266,True,True,True
weast,149,126,7,0.1666259765625,589,236,636,276,473.2965087890625,-22.31781578063965,True,True,True
weast,149,129,7,0.301513671875,0,1,342,350,116.2633056640625,85.67533111572266,True,True,True
weast,149,134,3,0.55810546875,0,500,35,586,6.176162242889404,221.8866424560547,False,True,False
weast,150,67,2,0.75634765625,468,260,508,302,369.4705505371094,0.9160319566726685,True,True,True
weast,150,87,3,0.50390625,369,297,397,330,283.1357421875,25.24207305908203,True,True,True
weast,150,4,2,0.1427001953125,35,296,198,471,74.2962417602539,143.71800231933594,False,True,True
weast,150,44,7,0.39794921875,636,246,750,377,511.22821044921875,62.429691314697266,True,True,True
weast,150,134,3,0.70263671875,0,497,37,584,6.828244686126709,221.2156219482422,False,True,True
weast,151,67,2,0.76611328125,464,262,504,304,365.9460144042969,2.744819164276123,True,True,True
weast,151,87,3,0.501953125,365,297,393,332,279.9048156738281,26.12822723388672,True,True,True
weast,151,4,2,0.414794921875,11,298,191,473,63.58580780029297,145.22225952148438,False,True,True
weast,151,44,7,0.556640625,633,248,750,379,508.92578125,64.9559097290039,True,True,True
weast,151,134,3,0.7734375,0,491,47,582,10.117773056030273,218.52462768554688,False,True,True
weast,152,67,2,0.7705078125,461,262,500,303,362.9937438964844,1.8309710025787354,True,True,True
weast,152,87,3,0.43408203125,360,296,388,332,276.17352294921875,25.24207305908203,True,True,True
weast,152,4,7,0.36474609375,2,298,183,473,57.17702102661133,145.22225952148438,False,True,True
weast,152,44,7,0.6669921875,631,247,749,379,507.90911865234375,65.79605865478516,True,True,True
weast,152,134,3,0.79052734375,0,485,55,572,12.691509246826172,213.78875732421875,False,True,True
weast,152,138,2,0.361083984375,1,298,183,473,57.17702102661133,145.22225952148438,False,True,False
weast,152,129,7,0.441650390625,0,0,326,360,109.89929962158203,95.41453552246094,True,True,True
weast,153,67,2,0.7744140625,452,260,492,302,356.8937683105469,0.9160319566726685,True,True,True
weast,153,87,3,0.4609375,353,297,380,330,270.1157531738281,24.35487937927246,True,True,True
weast,153,4,7,0.4111328125,0,298,170,472,52.19240951538086,145.22225952148438,False,True,True
weast,153,44,7,0.689453125,625,245,744,380,503.392333984375,65.79605865478516,True,True,True
weast,153,134,3,0.57958984375,0,477,58,565,13.925055503845215,209.01869201660156,False,True,True
weast,153,138,2,0.515625,0,298,171,470,52.19502258300781,144.4705352783203,False,True,True
weast,153,129,7,0.32177734375,0,0,321,357,107.82190704345703,92.18270874023438,True,True,True
weast,154,67,2,0.77978515625,445,259,484,301,350.7865295410156,0.0,True,True,True
weast,154,87,3,0.56591796875,345,295,372,329,264.05084228515625,23.46664047241211,True,True,True
weast,154,44,7,0.6806640625,619,245,739,382,499.11187744140625,67.47347259521484,True,True,True
weast,154,134,3,0.69775390625,0,430,57,555,13.050908088684082,201.45285034179688,False,True,True
weast,155,67,2,0.78271484375,437,259,476,300,344.6719665527344,-0.9171268939971924,True,True,True
weast,155,87,3,0.546875,338,294,364,328,258.62939453125,23.46664047241211,True,True,True
weast,155,44,7,0.6318359375,614,246,735,384,494.8411865234375,69.14706420898438,True,True,True
weast,155,134,3,0.72021484375,1,424,57,549,13.629137992858887,197.28952026367188,False,True,True
weast,155,4,2,0.5,0,295,143,464,42.2092399597168,141.4555206298828,False,True,True
weast,156,67,2,0.75048828125,431,259,471,300,340.7370300292969,-0.9171268939971924,True,True,True
weast,156,87,3,0.537109375,331,293,359,328,254.10406494140625,22.577354431152344,True,True,True
weast,156,44,7,0.6279296875,611,245,735,387,493.3270263671875,71.65029907226562,True,True,True
weast,156,134,3,0.46875,0,437,61,542,14.193670272827148,192.39930725097656,False,True,True
weast,156,4,2,0.29248046875,0,291,133,460,38.62967300415039,139.94308471679688,False,True,True
weast,156,129,7,0.25244140625,0,0,288,359,96.54573059082031,75.80341339111328,True,True,True
weast,157,67,2,0.7958984375,428,258,468,298,338.72430419921875,-2.7546732425689697,True,True,True
weast,157,87,3,0.60009765625,327,291,355,326,251.24423217773438,20.795642852783203,True,True,True
weast,157,44,7,0.4921875,609,244,735,388,492.3238830566406,72.4828109741211,True,True,True
weast,157,134,3,0.33447265625,0,440,67,532,16.0446720123291,183.22195434570312,False,True,True
weast,157,4,7,0.36669921875,0,292,125,453,35.74526596069336,136.9083709716797,False,True,True
weast,157,143,2,0.3408203125,609,243,735,388,492.3238830566406,72.4828109741211,True,True,False
weast,157,129,7,0.223388671875,0,0,289,359,96.65766906738281,72.4828109741211,True,True,True
weast,158,67,2,0.732421875,424,255,463,296,335.301513671875,-5.519253730773926,True,True,True
weast,158,87,3,0.294189453125,323,287,351,321,249.45050048828125,10.920677185058594,True,True,True
weast,158,44,7,0.548828125,608,243,736,391,491.3133544921875,75.80341339111328,True,True,True
weast,158,134,3,0.62451171875,0,423,78,514,19.867658615112305,166.6739044189453,False,True,True
weast,158,4,7,0.132568359375,0,286,115,443,32.15524673461914,136.1476287841797,False,True,True
weast,159,67,2,0.732421875,424,255,464,296,336.2640380859375,-6.442991256713867,True,True,True
weast,159,87,3,0.29248046875,323,287,351,321,249.45050048828125,10.920677185058594,True,True,True
weast,159,44,7,0.548828125,609,243,739,393,492.8086853027344,75.80341339111328,True,True,True
weast,159,134,3,0.62255859375,1,420,86,511,22.67203140258789,166.6739044189453,False,True,True
weast,159,4,7,0.1334228515625,0,287,115,443,32.15524673461914,136.1476287841797,False,True,True
weast,159,145,3,0.513671875,0,377,85,512,21.970937728881836,166.6739044189453,False,True,False
weast,160,67,2,0.69091796875,423,253,463,294,335.8202209472656,-8.293794631958008,True,True,True
weast,160,87,3,0.390380859375,323,285,350,320,248.1931915283203,14.526445388793945,True,True,True
weast,160,44,7,0.69091796875,609,241,741,394,493.30316162109375,76.63121032714844,True,True,True
weast,160,4,2,0.1475830078125,0,283,112,440,31.412456512451172,133.86041259765625,False,True,True
weast,160,145,3,0.69775390625,0,375,93,503,24.642213821411133,158.61550903320312,False,True,True
weast,161,67,2,0.7294921875,422,251,462,292,335.3753662109375,-10.149049758911133,True,True,True
weast,161,87,3,0.4921875,322,283,349,317,248.3654327392578,7.297762393951416,True,True,True
weast,161,44,7,0.73388671875,610,240,744,395,494.54388427734375,77.45806121826172,True,True,True
weast,161,4,3,0.1900634765625,0,280,110,473,30.892160415649414,150.46160888671875,False,True,True
weast,161,145,3,0.67236328125,0,357,106,493,29.492616653442383,151.95132446289062,False,True,True
weast,162,67,2,0.67724609375,419,249,459,290,333.1720275878906,-11.078351020812988,True,True,True
weast,162,87,3,0.556640625,321,281,346,315,246.4448699951172,10.016560554504395,True,True,True
weast,162,44,7,0.7138671875,609,240,745,398,494.0372619628906,79.10896301269531,True,True,True
weast,162,4,3,0.470703125,0,273,107,479,29.37643051147461,142.96466064453125,False,True,True
weast,162,145,3,0.392333984375,0,360,109,484,30.099027633666992,143.71800231933594,False,True,True
weast,163,67,2,0.70263671875,416,248,456,289,331.1368713378906,-12.940312385559082,True,True,True
weast,163,87,3,0.26904296875,320,280,343,313,245.11679077148438,8.205105781555176,True,True,True
weast,163,44,7,0.75048828125,608,239,746,399,493.5317687988281,80.7561264038086,True,True,True
weast,163,4,3,0.1943359375,0,270,109,480,30.01447868347168,136.9083709716797,False,True,True
weast,163,145,3,0.55810546875,0,352,113,480,31.447175979614258,136.9083709716797,False,True,True
weast,163,129,7,0.2705078125,1,0,267,341,89.64514923095703,55.65045166015625,True,True,True
weast,164,67,2,0.60205078125,417,246,457,287,332.2732238769531,-14.806764602661133,True,True,True
weast,164,87,3,0.501953125,319,279,344,310,245.94256591796875,1.8309710025787354,True,True,True
weast,164,44,7,0.67041015625,610,238,751,400,495.76715087890625,80.7561264038086,True,True,True
weast,164,4,3,0.2705078125,0,280,119,491,33.52846145629883,130.03173828125,False,True,True
weast,164,145,3,0.287841796875,0,348,124,493,35.700836181640625,131.5657196044922,False,True,True
weast,164,129,7,0.383056640625,1,0,274,340,91.99620056152344,53.09210968017578,True,True,True
weast,165,67,2,0.5888671875,418,244,457,284,332.7895812988281,-17.614900588989258,True,True,True
weast,165,87,3,0.466796875,320,277,345,307,246.96629333496094,0.0,True,True,True
weast,165,44,7,0.67041015625,612,236,756,401,498.4924011230469,81.57831573486328,True,True,True
weast,165,4,3,0.422607421875,1,272,129,518,38.09113311767578,165.94522094726562,False,True,True
weast,165,129,7,0.1683349609375,2,0,277,337,93.62149810791016,49.66719055175781,True,True,True
weast,166,67,2,0.56396484375,417,242,455,282,332.3383483886719,-19.492652893066406,True,True,True
weast,166,87,3,0.4091796875,317,275,342,305,244.489013671875,0.9160319566726685,True,True,True
weast,166,44,7,0.65478515625,611,236,758,403,497.98272705078125,83.21989440917969,True,True,True
weast,166,4,3,0.45703125,1,287,134,524,39.523319244384766,171.0297393798828,False,True,True
weast,167,67,2,0.63330078125,412,240,451,280,328.6961364746094,-21.374954223632812,True,True,True
weast,167,87,3,0.46875,312,272,338,303,241.9254913330078,-3.6750965118408203,True,True,True
weast,167,44,7,0.76220703125,609,235,760,404,497.72833251953125,84.03929901123047,True,True,True
weast,167,4,3,0.716796875,0,309,138,523,40.93128967285156,173.197265625,False,True,True
weast,168,67,2,0.673828125,411,238,449,279,328.06866455078125,-22.31781578063965,True,True,True
weast,168,87,3,0.501953125,310,271,337,301,240.46429443359375,-4.596622943878174,True,True,True
weast,168,44,7,0.70263671875,610,233,764,406,499.7032775878906,84.85777282714844,True,True,True
weast,168,4,3,0.82080078125,0,332,145,521,43.00372314453125,166.6739044189453,False,True,True
weast,169,67,2,0.65478515625,409,237,447,278,326.6419982910156,-23.26181983947754,True,True,True
weast,169,87,3,0.310791015625,309,270,336,301,239.7906951904297,-5.519253730773926,True,True,True
weast,169,44,7,0.552734375,610,232,770,408,501.676025390625,85.67533111572266,True,True,True
weast,169,4,3,0.751953125,0,316,151,513,45.1033821105957,164.48553466796875,False,True,True
weast,170,67,2,0.658203125,409,237,447,277,326.8114318847656,-24.20697021484375,True,True,True
weast,170,87,3,0.282958984375,309,270,335,300,240.13734436035156,-8.293794631958008,True,True,True
weast,170,44,7,0.673828125,611,231,773,411,502.6477355957031,87.30767059326172,True,True,True
weast,170,4,3,0.69287109375,0,301,158,503,47.91340255737305,161.55679321289062,False,True,True
weast,171,67,2,0.73388671875,410,236,448,275,327.9508056640625,-26.10071563720703,True,True,True
weast,171,87,3,0.2379150390625,312,270,337,298,241.83566284179688,-9.220865249633789,True,True,True
weast,171,44,7,0.66357421875,615,229,780,412,506.0981750488281,88.12246704101562,True,True,True
weast,171,4,3,0.71240234375,1,278,168,495,51.442867279052734,157.8782196044922,False,True,True
weast,172,67,2,0.64404296875,410,234,447,272,327.4912109375,-27.999067306518555,True,True,True
weast,172,87,3,0.385009765625,311,268,336,296,241.27745056152344,-11.078351020812988,True,True,True
weast,172,44,7,0.77197265625,616,227,784,413,508.0628967285156,88.93634033203125,True,True,True
weast,172,4,3,0.80810546875,0,271,175,487,53.58298110961914,152.69496154785156,False,True,True
weast,173,67,2,0.5,408,231,444,270,326.3985900878906,-30.855270385742188,True,True,True
weast,173,87,3,0.102294921875,310,266,333,293,239.9247283935547,-12.940312385559082,True,True,True
weast,173,44,7,0.8017578125,616,225,787,413,508.5443420410156,89.74930572509766,True,True,True
weast,173,4,7,0.405517578125,0,266,178,477,55.032470703125,146.72325134277344,False,True,True
weast,174,67,2,0.71533203125,404,229,439,267,322.8905334472656,-33.72193145751953,True,True,True
weast,174,87,3,0.178955078125,306,262,329,291,236.52427673339844,-11.078351020812988,True,True,True
weast,174,44,7,0.7880859375,613,222,788,414,507.8038024902344,89.74930572509766,True,True,True
weast,174,4,7,0.22265625,0,258,178,467,55.0740966796875,139.18565368652344,False,True,True
weast,175,67,2,0.642578125,395,225,431,263,316.95379638671875,-36.59911346435547,True,True,True
weast,175,87,3,0.1519775390625,296,257,320,286,229.94369506835938,-15.741680145263672,True,True,True
weast,175,44,7,0.5947265625,608,219,786,416,505.0675048828125,91.37248992919922,True,True,True
weast,175,4,3,0.302490234375,0,284,173,457,52.95586395263672,132.33145141601562,False,True,True
weast,176,67,2,0.6533203125,386,221,422,261,310.1884765625,-39.486873626708984,True,True,True
weast,176,87,3,0.219970703125,286,253,310,283,222.31454467773438,-18.55320930480957,True,True,True
weast,176,44,7,0.708984375,601,219,783,419,500.8595886230469,92.99202728271484,True,True,True
weast,176,4,3,0.37744140625,0,260,165,447,50.09447479248047,125.40958404541016,False,True,True
weast,177,67,2,0.75341796875,374,214,409,253,300.7874755859375,-46.26642990112305,True,True,True
weast,177,44,7,0.67919921875,593,216,780,422,495.6718444824219,95.41453552246094,True,True,True
weast,177,4,3,0.273681640625,0,242,156,431,47.20406723022461,112.93383026123047,True,True,True
weast,178,67,2,0.75341796875,372,214,408,253,299.97723388671875,-46.26642990112305,True,True,True
weast,178,44,7,0.67724609375,595,217,785,424,498.36968994140625,96.22022247314453,True,True,True
weast,178,4,3,0.291015625,0,241,156,430,47.20406723022461,112.93383026123047,True,True,True
weast,178,157,3,0.312255859375,486,231,505,264,382.986328125,-36.59911346435547,True,True,False
weast,179,67,2,0.7265625,365,211,400,249,294.1026611328125,-50.166748046875,True,True,True
weast,179,44,7,0.6279296875,589,214,784,425,494.9197692871094,97.82891082763672,True,True,True
weast,179,4,2,0.35302734375,0,222,150,424,45.00770950317383,106.61274719238281,True,True,True
weast,180,67,2,0.61328125,354,207,389,246,285.6089782714844,-53.10464096069336,True,True,True
weast,180,44,7,0.3310546875,583,209,780,428,490.7420349121094,99.43399810791016,True,True,True
weast,180,4,3,0.611328125,0,211,140,415,41.31806945800781,99.43399810791016,True,True,True
weast,181,67,2,0.66015625,344,202,379,242,277.89898681640625,-56.05344772338867,True,True,True
weast,181,44,7,0.498046875,577,206,780,431,488.0430603027344,101.03550720214844,True,True,True
weast,181,4,3,0.68408203125,0,204,131,407,37.59114074707031,92.18270874023438,True,True,True
weast,181,162,3,0.373779296875,578,205,780,430,488.7778015136719,101.03550720214844,True,True,False
weast,181,163,3,0.451416015625,237,233,262,263,184.972900390625,-37.560523986816406,True,True,False
weast,181,157,3,0.307373046875,463,226,482,256,365.8282165527344,-43.35376739501953,True,True,True
weast,182,67,2,0.64404296875,340,198,375,238,275.20220947265625,-60.00226974487305,True,True,True
weast,182,44,7,0.501953125,578,204,786,432,490.734619140625,101.83492279052734,True,True,True
weast,182,4,3,0.453369140625,0,249,130,400,37.55257034301758,86.49195861816406,True,True,True
weast,182,162,3,0.33642578125,577,203,785,431,490.00030517578125,101.83492279052734,True,True,True
weast,182,163,3,0.162353515625,233,228,257,259,182.0795440673828,-41.41794967651367,True,True,True
weast,182,157,3,0.39794921875,460,219,480,254,364.79559326171875,-46.26642990112305,True,True,True
weast,183,67,2,0.658203125,340,195,374,234,275.76922607421875,-63.97074508666992,True,True,True
weast,183,44,7,0.552734375,581,202,794,434,493.9082336425781,103.43107604980469,True,True,True
weast,183,4,3,0.1639404296875,0,213,134,391,39.00867462158203,81.57831573486328,True,True,True
weast,183,163,3,0.259765625,232,226,257,257,181.51866149902344,-44.323463439941406,True,True,True
weast,183,157,3,0.27978515625,460,216,482,252,365.9979248046875,-48.21418762207031,True,True,True
weast,184,67,2,0.57177734375,335,192,369,232,271.9521789550781,-65.96239471435547,True,True,True
weast,184,44,7,0.640625,579,200,798,437,494.1440124511719,105.023681640625,True,True,True
weast,184,4,7,0.385009765625,0,204,133,388,38.23297119140625,76.63121032714844,True,True,True
weast,184,163,3,0.474609375,227,219,252,253,177.71279907226562,-47.239707946777344,True,True,True
weast,184,157,3,0.2451171875,457,213,478,249,363.3369445800781,-51.14483642578125,True,True,True
weast,185,67,2,0.443603515625,328,190,361,231,265.5254821777344,-66.96009063720703,True,True,True
weast,185,44,7,0.546875,576,199,801,440,492.6574401855469,109.7802963256836,True,True,True
weast,185,4,3,0.45703125,0,198,130,383,37.4744987487793,74.97467803955078,True,True,True
weast,185,157,3,0.158203125,451,209,473,249,359.2733154296875,-51.14483642578125,True,True,True
weast,186,67,2,0.45703125,322,191,354,232,260.6004638671875,-66.96009063720703,True,True,True
weast,186,44,7,0.73583984375,574,200,806,446,491.8993225097656,116.85617065429688,True,True,True
weast,186,4,7,0.294921875,0,199,127,381,35.95237731933594,71.65029907226562,True,True,True
weast,186,157,3,0.106689453125,447,209,469,250,356.02239990234375,-51.14483642578125,True,True,True
weast,186,163,3,0.418701171875,212,219,236,252,165.6246795654297,-48.21418762207031,True,True,True
weast,187,67,2,0.4130859375,314,192,344,232,253.21295166015625,-66.96009063720703,True,True,True
weast,187,44,7,0.642578125,569,201,808,450,490.93560791015625,115.28983306884766,True,True,True
weast,187,4,7,0.34521484375,0,196,119,379,32.944984436035156,70.81684112548828,True,True,True
weast,187,157,3,0.127685546875,440,208,461,251,350.0810241699219,-54.086360931396484,True,True,True
weast,187,163,3,0.3310546875,201,218,226,252,156.6338653564453,-47.239707946777344,True,True,True
weast,188,67,2,0.37939453125,306,192,337,232,246.64627075195312,-66.96009063720703,True,True,True
weast,188,44,7,0.611328125,567,201,812,456,490.1953125,119.9784927368164,True,True,True
weast,188,4,2,0.152587890625,0,201,114,375,31.417280197143555,68.31074523925781,True,True,True
weast,188,157,3,0.172119140625,434,208,456,252,345.8253173828125,-53.10464096069336,True,True,True
weast,188,163,3,0.2393798828125,193,217,218,252,150.52911376953125,-53.10464096069336,True,True,True
weast,189,67,2,0.352294921875,302,192,341,234,246.52212524414062,-65.96239471435547,True,True,True
weast,189,44,7,0.75048828125,568,202,819,465,491.3841552734375,125.40958404541016,False,True,True
weast,189,4,2,0.1470947265625,0,199,112,373,30.65623664855957,67.47347259521484,True,True,True
weast,189,157,3,0.1451416015625,432,211,454,255,343.8314514160156,-51.14483642578125,True,True,True
weast,189,163,3,0.1412353515625,189,221,213,253,147.2124786376953,-52.1241340637207,True,True,True
weast,190,67,2,0.35400390625,301,192,342,234,246.52212524414062,-65.96239471435547,True,True,True
weast,190,44,7,0.7490234375,570,201,824,467,494.27313232421875,125.40958404541016,False,True,True
weast,190,4,3,0.25244140625,0,196,113,372,30.64668846130371,66.63524627685547,True,True,True
weast,190,157,3,0.1451416015625,433,212,454,255,343.8314514160156,-51.14483642578125,True,True,True
weast,190,163,3,0.1422119140625,188,222,212,253,146.3992462158203,-52.1241340637207,True,True,True
weast,191,67,2,0.56787109375,293,193,335,239,240.5391845703125,-63.97074508666992,True,True,True
weast,191,44,7,0.70556640625,566,204,828,478,491.35101318359375,134.6236572265625,False,True,True
weast,191,4,2,0.392333984375,0,198,108,369,29.08974266052246,62.429691314697266,True,True,True
weast,191,157,3,0.1895751953125,426,219,447,257,337.6049499511719,-48.21418762207031,True,True,True
weast,191,176,2,0.478515625,1144,227,1276,353,916.2506713867188,36.68147659301758,True,True,False
weast,192,67,2,0.5546875,285,193,325,238,233.2811279296875,-64.96595001220703,True,True,True
weast,192,44,7,0.7734375,562,205,834,486,490.13848876953125,140.69970703125,False,True,True
weast,192,4,7,0.33984375,0,193,100,366,26.010473251342773,58.19997024536133,True,True,True
weast,192,157,3,0.359375,419,215,441,259,332.5618896484375,-47.239707946777344,True,True,True
weast,192,176,7,0.1683349609375,1127,228,1274,355,908.0717163085938,37.55425262451172,True,True,True
weast,193,67,7,0.4111328125,277,192,316,236,226.01402282714844,-65.96239471435547,True,True,True
weast,193,44,7,0.75048828125,560,206,840,495,489.64776611328125,146.72325134277344,False,True,True
weast,193,4,7,0.259765625,0,190,93,362,22.92754364013672,54.79865264892578,True,True,True
weast,193,157,3,0.312255859375,413,211,435,260,327.697509765625,-47.239707946777344,True,True,True
weast,193,176,2,0.56005859375,1115,231,1276,355,903.2379760742188,39.296756744384766,True,True,True
weast,194,67,7,0.484375,272,192,311,234,222.02120971679688,-66.96009063720703,True,True,True
weast,194,44,7,0.7734375,560,205,849,503,491.0550231933594,151.2068634033203,False,True,True
weast,194,4,7,0.388671875,1,187,90,359,22.110923767089844,51.38162612915039,True,True,True
weast,194,157,3,0.18359375,409,210,432,261,324.28411865234375,-46.26642990112305,True,True,True
weast,194,176,7,0.350341796875,1103,232,1278,356,899.4061279296875,39.296756744384766,True,True,True
weast,195,67,7,0.325927734375,265,190,304,237,216.38070678710938,-67.95902252197266,True,True,True
weast,195,44,7,0.732421875,561,204,858,509,493.39935302734375,154.92112731933594,False,True,True
weast,195,4,7,0.361083984375,0,194,85,356,19.798545837402344,49.66719055175781,True,True,True
weast,195,176,2,0.43017578125,1104,231,1278,350,900.6691284179688,38.4260139465332,True,True,True
weast,196,67,7,0.325927734375,263,190,303,239,215.55935668945312,-67.95902252197266,True,True,True
weast,196,44,7,0.73388671875,562,204,863,512,495.0399169921875,156.40126037597656,False,True,True
weast,196,4,7,0.36474609375,0,198,85,355,19.798545837402344,49.66719055175781,True,True,True
weast,196,176,2,0.43017578125,1107,231,1280,349,902.2027587890625,38.4260139465332,True,True,True
weast,197,67,7,0.53125,260,190,301,236,213.09532165527344,-67.95902252197266,True,True,True
weast,197,44,7,0.67041015625,563,203,873,518,497.58758544921875,161.55679321289062,False,True,True
weast,197,4,3,0.474609375,0,245,85,355,19.782602310180664,48.80848693847656,True,True,True
weast,197,176,2,0.517578125,1108,229,1278,346,903.199462890625,36.68147659301758,True,True,True
weast,197,157,3,0.299072265625,403,207,427,260,320.23297119140625,-46.26642990112305,True,True,True
weast,198,67,2,0.5869140625,259,191,299,233,212.17117309570312,-66.96009063720703,True,True,True
weast,198,44,7,0.6513671875,567,205,886,527,501.2767639160156,167.4018096923828,False,True,True
weast,198,4,2,0.3408203125,1,216,87,355,21.290525436401367,47.948787689208984,True,True,True
weast,198,176,2,0.48046875,1102,230,1278,349,900.3989868164062,37.55425262451172,True,True,True
weast,198,157,3,0.18359375,403,208,427,263,319.8976135253906,-44.323463439941406,True,True,True
weast,199,67,7,0.422607421875,269,197,309,236,219.84197998046875,-61.984039306640625,True,True,True
weast,199,44,7,0.478515625,583,211,922,548,515.7568969726562,178.22813415527344,False,True,True
weast,199,4,2,0.525390625,3,209,105,357,28.95256805419922,51.38162612915039,True,True,True
weast,199,176,2,0.53125,1117,233,1280,351,904.5394287109375,41.03520965576172,True,True,True
weast,199,157,3,0.5234375,412,218,437,269,326.3235778808594,-39.486873626708984,True,True,True
weast,200,67,7,0.422607421875,270,197,309,235,219.94923400878906,-62.97677230834961,True,True,True
weast,200,44,7,0.4765625,586,211,931,554,518.4358520507812,182.51080322265625,False,True,True
weast,200,4,2,0.525390625,1,202,109,355,29.702552795410156,50.524906158447266,True,True,True
weast,200,176,2,0.533203125,1119,232,1280,350,905.3048706054688,41.03520965576172,True,True,True
weast,200,157,3,0.5234375,412,219,438,269,326.95904541015625,-38.52310562133789,True,True,True
weast,201,67,2,0.262939453125,278,199,316,236,226.277099609375,-60.99253845214844,True,True,True
weast,201,44,7,0.642578125,596,213,955,565,527.1864624023438,190.9955291748047,False,True,True
weast,201,4,2,0.61865234375,2,202,122,359,35.04825210571289,53.09210968017578,True,True,True
weast,201,176,2,0.455078125,1125,232,1280,353,906.6024169921875,42.76962661743164,True,True,True
weast,201,157,3,0.3701171875,420,220,446,272,333.0592956542969,-36.59911346435547,True,True,True
weast,202,67,7,0.2254638671875,285,202,323,237,231.88694763183594,-60.00226974487305,True,True,True
weast,202,44,7,0.65673828125,606,216,979,578,535.5741577148438,200.06796264648438,False,True,True
weast,202,4,2,0.56787109375,2,204,133,360,38.8546028137207,54.79865264892578,True,True,True
weast,202,176,2,0.32763671875,1129,234,1280,355,907.1331787109375,44.50001907348633,True,True,True
weast,202,157,3,0.48828125,427,224,453,275,338.1627502441406,-33.72193145751953,True,True,True
weast,203,67,2,0.307373046875,290,203,328,238,235.62278747558594,-57.038818359375,True,True,True
weast,203,44,7,0.5888671875,614,216,1004,590,544.3622436523438,207.64947509765625,False,True,True
weast,203,4,2,0.53515625,2,209,143,357,42.646759033203125,54.79865264892578,True,True,True
weast,203,176,2,0.2861328125,1138,236,1280,356,910.451171875,45.36370849609375,True,True,True
weast,203,157,3,0.441650390625,432,236,458,277,341.822265625,-31.809659957885742,True,True,True
weast,204,67,7,0.368408203125,291,206,328,240,235.38983154296875,-55.06929397583008,True,True,True
weast,204,44,7,0.63525390625,620,208,1036,617,552.8460083007812,219.1984100341797,False,True,True
weast,204,4,2,0.4921875,7,213,148,354,46.437843322753906,53.09210968017578,True,True,True
weast,204,176,7,0.1634521484375,1134,240,1280,362,906.4349975585938,49.66719055175781,True,True,True
weast,204,157,3,0.505859375,435,244,459,281,342.3489074707031,-26.10071563720703,True,True,True
weast,205,67,7,0.368408203125,291,206,328,240,235.38983154296875,-55.06929397583008,True,True,True
weast,205,44,7,0.63720703125,623,204,1050,625,555.1199951171875,227.2303009033203,False,True,True
weast,205,4,2,0.490234375,8,214,149,352,47.197052001953125,52.237361907958984,True,True,True
weast,205,176,7,0.16455078125,1134,240,1279,362,905.1781616210938,50.524906158447266,True,True,True
weast,205,157,3,0.50390625,435,246,459,281,342.3489074707031,-26.10071563720703,True,True,True
weast,205,188,7,0.381103515625,9,215,149,353,47.95645523071289,53.09210968017578,True,True,False
weast,206,67,7,0.303955078125,290,209,325,242,233.76034545898438,-55.06929397583008,True,True,True
weast,206,44,7,0.80322265625,627,215,1070,638,560.0303344726562,235.16468811035156,False,True,True
weast,206,176,2,0.18359375,1131,241,1278,360,903.6569213867188,50.524906158447266,True,True,True
weast,206,157,3,0.34326171875,434,238,458,285,341.0138854980469,-23.26181983947754,True,True,True
weast,207,67,2,0.388671875,293,213,327,246,235.85472106933594,-52.1241340637207,True,True,True
weast,207,44,7,0.62060546875,635,222,1100,651,570.5673217773438,240.4010009765625,False,True,True
weast,207,176,2,0.39599609375,1132,239,1280,363,906.1702880859375,48.80848693847656,True,True,True
weast,207,157,3,0.4091796875,435,236,462,289,342.07470703125,-20.4332332611084,True,True,True
weast,207,4,2,0.57568359375,19,222,155,357,54.01557159423828,56.50126647949219,True,True,True
weast,208,67,2,0.60595703125,296,216,329,248,237.2466583251953,-50.166748046875,True,True,True
weast,208,44,7,0.78662109375,644,222,1132,665,582.6094970703125,244.9482879638672,False,True,True
weast,208,176,2,0.486328125,1137,237,1280,360,909.1884155273438,46.22639846801758,True,True,True
weast,208,157,3,0.466796875,439,241,466,291,344.543212890625,-16.677724838256836,True,True,True
weast,208,4,2,0.6669921875,26,226,160,361,58.55448913574219,57.351104736328125,True,True,True
weast,209,67,2,0.63720703125,296,219,331,251,237.70668029785156,-47.239707946777344,True,True,True
weast,209,44,7,0.73876953125,650,225,1161,673,591.6604614257812,250.106201171875,False,True,True
weast,209,176,2,0.47265625,1144,235,1280,359,913.7453002929688,43.63532257080078,True,True,True
weast,209,157,3,0.357666015625,441,253,467,293,345.5931701660156,-13.872976303100586,True,True,True
weast,209,4,2,0.732421875,32,231,164,364,62.322906494140625,59.047855377197266,True,True,True
weast,209,194,2,0.35400390625,233,223,268,256,186.3740692138672,-44.323463439941406,True,True,False
weast,210,67,2,0.5078125,295,221,329,252,236.5465545654297,-44.323463439941406,True,True,True
weast,210,44,7,0.55078125,656,224,1193,681,603.6126098632812,251.3892364501953,False,True,True
weast,210,176,2,0.529296875,1149,229,1280,348,918.3060302734375,38.4260139465332,True,True,True
weast,210,157,3,0.401611328125,441,257,467,295,345.4135437011719,-12.940312385559082,True,True,True
weast,210,4,2,0.70263671875,36,235,166,366,64.57190704345703,60.7407112121582,True,True,True
weast,210,194,2,0.2958984375,232,227,265,259,184.50277709960938,-41.41794967651367,True,True,True
weast,211,67,2,0.48828125,292,222,328,253,234.92808532714844,-44.323463439941406,True,True,True
weast,211,44,7,0.6259765625,665,224,1227,694,616.9435424804688,253.9476318359375,False,True,True
weast,211,176,2,0.1500244140625,1153,227,1279,345,919.8396606445312,38.4260139465332,True,True,True
weast,211,157,3,0.63330078125,440,258,466,297,344.44146728515625,-12.008770942687988,True,True,True
weast,211,4,2,0.7431640625,39,236,165,365,65.33760070800781,59.894771575927734,True,True,True
weast,211,194,2,0.332763671875,229,227,265,261,183.61146545410156,-40.45181655883789,True,True,True
weast,212,67,2,0.52734375,287,224,322,256,229.84840393066406,-42.3852653503418,True,True,True
weast,212,44,7,0.71533203125,665,228,1260,704,625.7157592773438,257.76617431640625,False,True,True
weast,212,157,3,0.60400390625,437,262,463,300,341.3555908203125,-8.293794631958008,True,True,True
weast,212,4,2,0.60009765625,37,238,161,367,63.05213928222656,61.58568572998047,True,True,True
weast,212,194,2,0.383056640625,223,230,262,264,179.413330078125,-38.52310562133789,True,True,True
weast,213,67,2,0.607421875,286,226,320,257,228.8174285888672,-40.45181655883789,True,True,True
weast,213,44,7,0.494140625,674,229,1278,681,634.5856323242188,258.400390625,False,True,True
weast,213,157,3,0.55810546875,437,263,464,302,341.0029296875,-6.442991256713867,True,True,True
weast,213,4,2,0.537109375,39,240,161,367,63.816524505615234,60.7407112121582,True,True,True
weast,213,194,2,0.42822265625,221,231,260,266,177.6412811279297,-36.59911346435547,True,True,True
weast,213,201,7,0.3720703125,536,229,584,278,431.5700378417969,-21.374954223632812,True,True,False
weast,214,67,2,0.5947265625,289,227,323,258,231.12652587890625,-39.486873626708984,True,True,True
weast,214,44,7,0.72021484375,685,233,1280,681,637.9234619140625,259.6669006347656,False,True,True
weast,214,157,3,0.611328125,441,266,468,305,343.8066101074219,-4.596622943878174,True,True,True
weast,214,4,2,0.57568359375,47,242,166,367,68.34883880615234,60.7407112121582,True,True,True
weast,214,194,2,0.33447265625,224,233,263,268,179.89501953125,-34.6798210144043,True,True,True
weast,214,201,7,0.5,538,230,585,279,432.1344909667969,-20.4332332611084,True,True,True
weast,214,205,2,0.39599609375,354,228,391,254,285.8332824707031,-49.18986511230469,True,True,False
weast,215,67,2,0.5888671875,292,230,325,261,232.51318359375,-37.560523986816406,True,True,True
weast,215,44,7,0.55078125,699,237,1280,680,649.3679809570312,244.9482879638672,False,True,True
weast,215,157,3,0.65673828125,444,269,471,307,345.63720703125,-1.8353506326675415,True,True,True
weast,215,4,2,0.52734375,55,245,182,367,77.39624786376953,61.58568572998047,True,True,True
weast,215,194,2,0.1357421875,226,235,264,270,181.33995056152344,-32.76521301269531,True,True,True
weast,215,201,7,0.541015625,540,232,586,280,433.4947814941406,-19.492652893066406,True,True,True
weast,215,205,2,0.24365234375,357,230,394,256,287.9718322753906,-47.239707946777344,True,True,True
weast,215,207,7,0.498046875,699,26,1280,634,651.4906616210938,240.4010009765625,False,True,False
weast,216,67,2,0.5927734375,298,233,332,263,237.9203643798828,-35.63888168334961,True,True,True
weast,216,44,7,0.71875,725,233,1280,689,653.3978271484375,254.5856475830078,False,True,True
weast,216,157,3,0.640625,453,271,481,311,352.9635314941406,0.9160319566726685,True,True,True
weast,216,4,2,0.544921875,73,250,190,367,87.2563705444336,59.894771575927734,True,True,True
weast,216,194,2,0.10052490234375,235,238,274,273,188.31179809570312,-29.902042388916016,True,True,True
weast,216,201,7,0.486328125,545,233,592,281,437.2414855957031,-18.55320930480957,True,True,True
weast,216,205,7,0.107421875,364,232,401,258,293.1929016113281,-44.323463439941406,True,True,True
weast,216,207,7,0.190673828125,724,25,1280,620,653.6998901367188,253.9476318359375,False,True,True
weast,217,67,2,0.5927734375,298,233,333,263,237.9203643798828,-35.63888168334961,True,True,True
weast,217,44,7,0.716796875,732,231,1280,694,655.7189331054688,255.2230224609375,False,True,True
weast,217,157,3,0.642578125,454,270,482,311,353.5668029785156,1.8309710025787354,True,True,True
weast,217,4,2,0.537109375,78,249,191,366,89.5238265991211,59.894771575927734,True,True,True
weast,217,194,2,0.10125732421875,236,238,275,272,189.1136474609375,-29.902042388916016,True,True,True
weast,217,201,7,0.486328125,544,233,592,281,437.2414855957031,-18.55320930480957,True,True,True
weast,217,205,7,0.107421875,364,232,401,258,293.1929016113281,-44.323463439941406,True,True,True
weast,217,207,7,0.1943359375,730,26,1277,618,654.658935546875,253.30899047851562,False,True,True
weast,217,209,2,0.33642578125,547,233,593,282,438.83355712890625,-18.55320930480957,True,True,False
weast,218,67,2,0.42431640625,304,237,336,266,241.5881805419922,-32.76521301269531,True,True,True
weast,218,44,7,0.69580078125,743,233,1280,677,656.5706787109375,260.2992248535156,False,True,True
weast,218,157,3,0.68603515625,458,275,486,315,356.156494140625,4.569250106811523,True,True,True
weast,218,4,2,0.57373046875,86,253,199,368,95.4875259399414,62.429691314697266,True,True,True
weast,218,194,2,0.154052734375,241,243,278,279,191.8810272216797,-25.153268814086914,True,True,True
weast,218,201,7,0.52734375,548,235,596,283,439.9509582519531,-16.677724838256836,True,True,True
weast,218,209,2,0.32763671875,549,235,597,284,440.74603271484375,-16.677724838256836,True,True,True
weast,219,67,2,0.361083984375,308,239,340,268,244.5608367919922,-30.855270385742188,True,True,True
weast,219,44,7,0.394287109375,766,228,1280,677,662.273193359375,264.7080078125,False,True,True
weast,219,157,3,0.69775390625,463,276,492,317,359.70538330078125,6.389340400695801,True,True,True
weast,219,4,2,0.529296875,99,257,204,368,102.30968475341797,61.58568572998047,True,True,True
weast,219,194,2,0.120849609375,246,245,281,281,194.89955139160156,-23.26181983947754,True,True,True
weast,219,201,7,0.439697265625,551,235,599,283,442.3361511230469,-16.677724838256836,True,True,True
weast,219,209,2,0.420654296875,552,235,600,284,443.1312255859375,-16.677724838256836,True,True,True
weast,219,210,7,0.350341796875,309,239,340,268,244.5608367919922,-30.855270385742188,True,True,False
weast,220,67,2,0.361083984375,308,239,340,268,244.5608367919922,-30.855270385742188,True,True,True
weast,220,44,7,0.37939453125,773,226,1280,680,657.5904541015625,278.3676452636719,False,True,True
weast,220,157,3,0.69775390625,463,276,493,318,360.302490234375,7.297762393951416,True,True,True
weast,220,4,2,0.52734375,102,257,205,367,103.81959533691406,61.58568572998047,True,True,True
weast,220,194,2,0.115966796875,247,244,280,280,194.89955139160156,-23.26181983947754,True,True,True
weast,220,201,7,0.443603515625,551,235,599,283,442.3361511230469,-16.677724838256836,True,True,True
weast,220,209,2,0.418701171875,551,235,599,284,442.3361511230469,-16.677724838256836,True,True,True
weast,220,210,7,0.350341796875,309,239,340,268,244.5608367919922,-30.855270385742188,True,True,True
weast,221,67,2,0.392333984375,309,240,341,269,245.2425994873047,-29.902042388916016,True,True,True
weast,221,44,7,0.441650390625,786,227,1280,679,666.3342895507812,269.7093811035156,False,True,True
weast,221,157,3,0.63720703125,464,277,495,319,360.7127380371094,9.111371040344238,True,True,True
weast,221,4,2,0.482421875,106,258,205,366,105.32949829101562,61.58568572998047,True,True,True
weast,221,201,7,0.30908203125,550,236,599,284,441.3032531738281,-15.741680145263672,True,True,True
weast,221,209,2,0.4130859375,551,236,600,285,442.09783935546875,-15.741680145263672,True,True,True
weast,221,210,7,0.3720703125,310,239,341,269,245.2425994873047,-29.902042388916016,True,True,True
weast,222,67,2,0.449462890625,311,239,343,269,246.84628295898438,-29.902042388916016,True,True,True
weast,222,44,7,0.52734375,810,226,1280,690,687.0247802734375,243.65232849121094,False,True,True
weast,222,157,3,0.64599609375,468,277,499,321,363.65234375,10.016560554504395,True,True,True
weast,222,4,2,0.61865234375,112,258,210,363,110.00285339355469,58.19997024536133,True,True,True
weast,222,201,7,0.190673828125,547,235,602,284,441.5411071777344,-16.677724838256836,True,True,True
weast,222,209,2,0.241455078125,544,235,601,285,439.9509582519531,-16.677724838256836,True,True,True
weast,223,67,2,0.449462890625,311,239,343,269,246.84628295898438,-29.902042388916016,True,True,True
weast,223,44,7,0.521484375,817,226,1280,696,689.0097045898438,243.65232849121094,False,True,True
weast,223,157,3,0.64599609375,469,277,499,322,364.2456970214844,10.920677185058594,True,True,True
weast,223,4,2,0.62451171875,113,258,211,362,110.75953674316406,58.19997024536133,True,True,True
weast,223,201,7,0.193115234375,544,235,601,284,439.9509582519531,-16.677724838256836,True,True,True
weast,223,209,2,0.245849609375,541,235,601,285,439.1559143066406,-16.677724838256836,True,True,True
weast,223,216,2,0.4765625,1108,368,1280,711,750.6275634765625,304.8238830566406,False,True,False
weast,223,217,5,0.363037109375,817,226,1278,664,688.3480834960938,243.65232849121094,False,True,False
weast,224,67,2,0.53125,313,239,345,269,248.57249450683594,-30.855270385742188,True,True,True
weast,224,44,7,0.52734375,833,226,1280,707,691.068603515625,250.106201171875,False,True,True
weast,224,157,3,0.69775390625,472,277,503,323,366.3992614746094,11.823721885681152,True,True,True
weast,224,4,7,0.439697265625,117,258,215,361,113.86270904541016,56.50126647949219,True,True,True
weast,224,201,7,0.25244140625,550,235,605,284,443.9263000488281,-16.677724838256836,True,True,True
weast,224,209,2,0.219970703125,549,235,605,285,443.9263000488281,-16.677724838256836,True,True,True
weast,224,217,5,0.5078125,831,227,1279,691,690.7318725585938,249.46371459960938,False,True,True
weast,225,67,2,0.65478515625,316,239,347,268,250.17715454101562,-30.855270385742188,True,True,True
weast,225,157,3,0.6826171875,476,276,507,325,369.1396789550781,13.626604080200195,True,True,True
weast,225,4,2,0.548828125,124,257,218,359,117.69095611572266,55.65045166015625,True,True,True
weast,225,201,2,0.3486328125,554,236,607,284,446.3114929199219,-16.677724838256836,True,True,True
weast,225,209,7,0.315673828125,553,235,608,284,446.3114929199219,-16.677724838256836,True,True,True
weast,225,222,2,0.451416015625,0,269,34,383,0.9062744975090027,53.94587326049805,True,True,False
weast,225,194,2,0.494140625,252,245,294,281,202.50767517089844,-19.492652893066406,True,True,True
weast,226,67,2,0.708984375,318,240,348,269,251.6573486328125,-29.902042388916016,True,True,True
weast,226,157,3,0.63525390625,478,277,510,327,371.2865295410156,14.526445388793945,True,True,True
weast,226,4,2,0.466796875,130,258,222,359,121.4809341430664,55.65045166015625,True,True,True
weast,226,201,7,0.388671875,556,236,610,284,448.45452880859375,-15.741680145263672,True,True,True
weast,226,222,2,0.39794921875,0,265,36,384,1.6914656162261963,54.79865264892578,True,True,True
weast,226,194,2,0.322509765625,254,246,297,282,204.00595092773438,-18.55320930480957,True,True,True
weast,226,44,7,0.8154296875,869,229,1280,695,695.4664306640625,264.7080078125,False,True,True
weast,227,67,2,0.615234375,320,241,350,270,253.13572692871094,-28.949975967407227,True,True,True
weast,227,157,3,0.5869140625,482,279,515,330,373.8233947753906,17.21959114074707,True,True,True
weast,227,4,2,0.56591796875,138,259,226,358,126.07420349121094,54.79865264892578,True,True,True
weast,227,201,7,0.22265625,558,238,613,286,449.8008728027344,-14.806764602661133,True,True,True
weast,227,222,2,0.521484375,0,266,38,383,2.475752830505371,55.65045166015625,True,True,True
weast,227,44,7,0.81982421875,890,228,1280,699,708.8374633789062,252.66970825195312,False,True,True
weast,228,67,2,0.6279296875,320,241,350,270,253.13572692871094,-28.949975967407227,True,True,True
weast,228,157,3,0.5888671875,482,279,515,330,373.8233947753906,17.21959114074707,True,True,True
weast,228,4,2,0.57763671875,139,259,226,357,126.07420349121094,54.79865264892578,True,True,True
weast,228,201,7,0.21728515625,558,238,614,286,450.594970703125,-14.806764602661133,True,True,True
weast,228,222,2,0.541015625,0,266,38,383,2.475752830505371,55.65045166015625,True,True,True
weast,228,44,7,0.81884765625,896,228,1280,700,710.8084716796875,252.66970825195312,False,True,True
weast,229,67,2,0.5908203125,325,245,355,274,256.63311767578125,-25.153268814086914,True,True,True
weast,229,157,3,0.521484375,489,282,522,335,378.2900695800781,21.687023162841797,True,True,True
weast,229,4,2,0.515625,149,264,234,360,132.7525634765625,57.351104736328125,True,True,True
weast,229,201,7,0.4921875,561,241,619,289,453.0374755859375,-12.008770942687988,True,True,True
weast,229,222,2,0.453369140625,1,271,46,389,5.627864360809326,59.894771575927734,True,True,True
weast,229,44,7,0.7607421875,931,228,1280,709,694.2223510742188,305.4122314453125,False,True,True
weast,230,67,2,0.58154296875,328,247,358,276,258.9029235839844,-24.20697021484375,True,True,True
weast,230,157,3,0.58154296875,493,284,527,338,381.57672119140625,24.35487937927246,True,True,True
weast,230,4,2,0.48828125,155,266,240,361,137.24362182617188,58.19997024536133,True,True,True
weast,230,201,7,0.338134765625,562,242,621,288,456.044189453125,-20.4332332611084,True,True,True
weast,230,222,2,0.6826171875,1,275,52,395,8.321145057678223,75.80341339111328,True,True,True
weast,230,44,7,0.78515625,962,224,1280,709,734.2035522460938,249.46371459960938,False,True,True
weast,231,67,2,0.607421875,332,249,361,278,261.0404357910156,-22.31781578063965,True,True,True
weast,231,157,3,0.69580078125,499,286,534,342,385.42608642578125,27.897417068481445,True,True,True
weast,231,4,2,0.541015625,161,269,245,361,141.83804321289062,57.351104736328125,True,True,True
weast,231,201,7,0.273681640625,563,243,626,290,457.93817138671875,-18.55320930480957,True,True,True
weast,231,222,2,0.405517578125,1,276,58,401,10.417284965515137,69.98242950439453,True,True,True
weast,231,44,7,0.8115234375,1013,234,1280,714,740.956298828125,267.213623046875,False,True,True
weast,232,67,2,0.607421875,332,249,361,277,261.0404357910156,-22.31781578063965,True,True,True
weast,232,157,3,0.69580078125,500,286,535,343,385.9997253417969,28.78045654296875,True,True,True
weast,232,4,2,0.541015625,162,269,246,360,142.59515380859375,57.351104736328125,True,True,True
weast,232,201,7,0.275146484375,562,243,626,290,457.93817138671875,-18.55320930480957,True,True,True
weast,232,222,2,0.4072265625,0,275,59,402,10.311665534973145,65.79605865478516,True,True,True
weast,232,44,7,0.81298828125,1028,237,1279,716,740.715087890625,275.9059753417969,False,True,True
weast,233,67,2,0.6669921875,333,249,361,278,261.83837890625,-22.31781578063965,True,True,True
weast,233,157,3,0.68408203125,502,287,537,345,387.343994140625,29.662460327148438,True,True,True
weast,233,4,2,0.541015625,163,269,247,360,143.35227966308594,57.351104736328125,True,True,True
weast,233,201,7,0.11126708984375,561,244,625,289,457.14215087890625,-18.55320930480957,True,True,True
weast,233,222,2,0.541015625,0,278,60,405,11.085203170776367,66.63524627685547,True,True,True
weast,233,44,7,0.732421875,1054,241,1279,714,751.5161743164062,271.5747375488281,False,True,True
weast,234,67,2,0.67236328125,334,249,363,278,262.6363525390625,-22.31781578063965,True,True,True
weast,234,157,3,0.68603515625,504,285,541,346,389.45758056640625,30.543432235717773,True,True,True
weast,234,4,2,0.56982421875,169,270,251,360,147.02330017089844,59.047855377197266,True,True,True
weast,234,201,7,0.1639404296875,561,243,626,288,457.3899841308594,-19.492652893066406,True,True,True
weast,234,222,2,0.482421875,0,279,62,406,11.938779830932617,70.81684112548828,True,True,True
weast,234,44,7,0.609375,1087,225,1280,710,756.2483520507812,282.6524658203125,False,True,True
weast,235,67,2,0.62451171875,334,249,363,278,262.6363525390625,-22.31781578063965,True,True,True
weast,235,157,3,0.64794921875,506,287,543,347,390.7982482910156,31.42337417602539,True,True,True
weast,235,4,2,0.46484375,170,269,252,359,147.83724975585938,58.19997024536133,True,True,True
weast,235,201,7,0.21728515625,561,242,627,288,458.1864929199219,-19.492652893066406,True,True,True
weast,235,222,2,0.32080078125,0,280,62,407,11.938779830932617,70.81684112548828,True,True,True
weast,235,44,7,0.5078125,1122,228,1280,708,769.9104614257812,278.9815368652344,False,True,True
weast,235,236,7,0.509765625,0,34,133,408,38.10683822631836,56.50126647949219,True,True,False
weast,236,67,2,0.64404296875,332,249,360,277,261.0404357910156,-22.31781578063965,True,True,True
weast,236,157,3,0.5830078125,506,287,544,348,391.3674011230469,32.30228805541992,True,True,True
weast,236,4,2,0.5546875,171,269,251,358,147.721923828125,59.894771575927734,True,True,True
weast,236,201,7,0.173828125,558,241,625,287,455.7969970703125,-19.492652893066406,True,True,True
weast,236,222,2,0.259765625,0,280,60,406,11.105920791625977,67.47347259521484,True,True,True
weast,236,44,2,0.443603515625,1156,278,1279,713,772.0615234375,292.93780517578125,False,True,True
weast,236,236,7,0.435791015625,0,34,130,408,37.337738037109375,54.79865264892578,True,True,True
weast,237,67,2,0.51953125,329,248,359,276,259.5731201171875,-23.26181983947754,True,True,True
weast,237,157,3,0.55078125,506,284,544,348,391.3674011230469,32.30228805541992,True,True,True
weast,237,4,2,0.299072265625,170,268,250,356,147.08056640625,58.19997024536133,True,True,True
weast,237,201,2,0.11279296875,556,240,624,286,455.49420166015625,-21.374954223632812,True,True,True
weast,237,222,2,0.482421875,0,280,55,404,8.850114822387695,67.47347259521484,True,True,True
weast,237,44,2,0.73095703125,1195,424,1279,714,785.8597412109375,291.1350402832031,False,True,True
weast,237,236,7,0.2037353515625,0,36,127,406,35.8142204284668,53.94587326049805,True,True,True
weast,238,67,2,0.60205078125,323,246,353,274,255.1604461669922,-26.10071563720703,True,True,True
weast,238,157,3,0.5390625,505,284,544,349,390.3968811035156,33.180171966552734,True,True,True
weast,238,4,2,0.435791015625,166,265,246,352,144.2765655517578,54.79865264892578,True,True,True
weast,238,201,2,0.29345703125,550,237,620,283,451.9969177246094,-23.26181983947754,True,True,True
weast,238,222,2,0.56982421875,0,277,47,397,5.794896125793457,65.79605865478516,True,True,True
weast,238,239,7,0.4130859375,1164,203,1278,332,923.6737670898438,38.4260139465332,True,True,False
weast,238,194,2,0.352294921875,258,254,306,292,209.2845001220703,-15.741680145263672,True,True,True
weast,239,67,2,0.60009765625,323,246,352,274,254.3605499267578,-26.10071563720703,True,True,True
weast,239,157,3,0.5390625,506,284,546,350,391.9359130859375,33.180171966552734,True,True,True
weast,239,4,2,0.435791015625,166,265,246,352,144.2765655517578,54.79865264892578,True,True,True
weast,239,201,2,0.29345703125,550,237,620,284,451.9969177246094,-23.26181983947754,True,True,True
weast,239,222,2,0.57177734375,0,277,45,395,5.0421013832092285,65.79605865478516,True,True,True
weast,239,239,7,0.4130859375,1164,203,1279,331,923.6737670898438,38.4260139465332,True,True,True
weast,239,240,3,0.302490234375,433,267,466,303,338.814697265625,0.9160319566726685,True,True,False
weast,239,194,2,0.352294921875,257,254,306,292,208.4899139404297,-15.741680145263672,True,True,True
weast,240,67,2,0.52734375,320,244,348,272,252.08522033691406,-27.049314498901367,True,True,True
weast,240,157,3,0.482421875,505,284,545,351,390.9656066894531,34.05703353881836,True,True,True
weast,240,4,2,0.615234375,160,263,242,350,140.6994171142578,51.38162612915039,True,True,True
weast,240,201,2,0.201171875,547,236,618,283,449.84564208984375,-24.20697021484375,True,True,True
weast,240,222,2,0.38671875,0,275,39,392,2.707122325897217,63.272727966308594,True,True,True
weast,240,239,7,0.45703125,1141,203,1278,338,908.4547729492188,48.80848693847656,True,True,True
weast,240,240,3,0.403564453125,431,267,462,301,336.62921142578125,0.0,True,True,True
weast,240,194,2,0.236572265625,253,252,300,293,203.2938690185547,-3.6750965118408203,True,True,True
weast,241,67,2,0.615234375,316,243,344,271,249.12896728515625,-28.949975967407227,True,True,True
weast,241,157,3,0.548828125,505,284,546,351,390.9656066894531,34.05703353881836,True,True,True
weast,241,4,2,0.517578125,155,261,239,347,137.81532287597656,48.80848693847656,True,True,True
weast,241,201,2,0.24072265625,546,235,616,282,449.2905578613281,-25.153268814086914,True,True,True
weast,241,222,2,0.447509765625,0,272,33,390,0.3910547196865082,61.58568572998047,True,True,True
weast,241,239,7,0.357666015625,1136,204,1278,334,912.938232421875,38.4260139465332,True,True,True
weast,241,240,3,0.453369140625,429,266,461,301,336.0151062011719,-0.9171268939971924,True,True,True
weast,241,194,2,0.1263427734375,248,250,295,295,199.26092529296875,-2.7546732425689697,True,True,True
weast,242,67,2,0.6279296875,313,241,341,268,246.96783447265625,-30.855270385742188,True,True,True
weast,242,157,3,0.4921875,505,283,547,351,391.73468017578125,34.05703353881836,True,True,True
weast,242,4,3,0.10015869140625,153,259,236,344,135.6840362548828,46.22639846801758,True,True,True
weast,242,201,2,0.2393798828125,545,233,613,279,448.1783752441406,-27.049314498901367,True,True,True
weast,242,222,2,0.2108154296875,0,274,29,378,-1.2023887634277344,59.047855377197266,True,True,True
weast,242,239,7,0.355712890625,1139,201,1279,330,915.4829711914062,36.68147659301758,True,True,True
weast,242,240,3,0.236572265625,425,263,459,301,333.8253479003906,-1.8353506326675415,True,True,True
weast,242,194,2,0.275146484375,245,248,290,293,196.2874298095703,-4.596622943878174,True,True,True
weast,243,67,2,0.673828125,310,239,338,266,244.80142211914062,-32.76521301269531,True,True,True
weast,243,157,3,0.64404296875,505,280,548,351,391.9359130859375,33.180171966552734,True,True,True
weast,243,4,2,0.52734375,144,256,233,341,131.20420837402344,44.50001907348633,True,True,True
weast,243,201,2,0.1329345703125,544,231,611,276,447.0634765625,-28.949975967407227,True,True,True
weast,243,222,2,0.486328125,0,285,23,373,-3.5296101570129395,57.351104736328125,True,True,True
weast,243,239,7,0.368408203125,1143,203,1279,331,918.5420532226562,34.05703353881836,True,True,True
weast,243,240,3,0.443603515625,422,260,457,299,331.8031311035156,-3.6750965118408203,True,True,True
weast,243,194,2,0.275146484375,241,246,286,295,193.30679321289062,-6.442991256713867,True,True,True
weast,244,67,2,0.59619140625,307,235,335,262,242.9881591796875,-37.560523986816406,True,True,True
weast,244,157,3,0.63330078125,507,280,552,353,394.0418701171875,34.05703353881836,True,True,True
weast,244,4,2,0.2005615234375,137,252,231,336,128.38430786132812,40.16648864746094,True,True,True
weast,244,222,2,0.219970703125,0,291,19,366,-5.225290298461914,52.237361907958984,True,True,True
weast,244,239,7,0.352294921875,1142,204,1279,328,917.7730102539062,34.05703353881836,True,True,True
weast,244,240,3,0.45703125,421,258,456,298,331.1846618652344,-4.596622943878174,True,True,True
weast,244,194,2,0.1571044921875,237,243,277,286,188.90744018554688,-10.149049758911133,True,True,True
weast,245,67,2,0.59619140625,307,235,335,262,242.9881591796875,-37.560523986816406,True,True,True
weast,245,157,3,0.6318359375,509,281,555,354,396.1453552246094,34.93286895751953,True,True,True
weast,245,4,2,0.203125,134,252,232,336,127.61837005615234,40.16648864746094,True,True,True
weast,245,222,3,0.1451416015625,0,294,18,364,-5.225290298461914,52.237361907958984,True,True,True
weast,245,239,7,0.352294921875,1143,204,1280,327,918.5420532226562,34.05703353881836,True,True,True
weast,245,240,3,0.45703125,421,258,457,298,331.9735412597656,-4.596622943878174,True,True,True
weast,245,194,2,0.1571044921875,237,243,275,284,189.1385498046875,-21.374954223632812,True,True,True
weast,245,245,2,0.3486328125,1144,200,1280,324,919.3110961914062,34.05703353881836,True,True,False
weast,246,67,2,0.5849609375,311,233,340,260,246.45486450195312,-39.486873626708984,True,True,True
weast,246,157,3,0.60009765625,516,282,562,355,401.525634765625,34.93286895751953,True,True,True
weast,246,239,7,0.363037109375,1134,202,1280,332,915.4658203125,34.05703353881836,True,True,True
weast,246,240,3,0.498046875,425,255,462,298,335.301513671875,-5.519253730773926,True,True,True
weast,247,67,2,0.61669921875,320,232,348,258,253.96881103515625,-41.41794967651367,True,True,True
weast,247,157,3,0.56201171875,527,281,574,355,409.76885986328125,35.807682037353516,True,True,True
weast,247,239,7,0.368408203125,1139,200,1280,336,909.4518432617188,47.08809280395508,True,True,True
weast,247,240,3,0.544921875,434,255,470,296,342.4056396484375,-5.519253730773926,True,True,True
weast,247,245,2,0.35400390625,1140,199,1280,335,911.2144775390625,45.36370849609375,True,True,True
weast,248,67,2,0.5908203125,332,231,359,257,263.1186828613281,-43.35376739501953,True,True,True
weast,248,157,3,0.5908203125,539,282,588,357,419.53790283203125,36.68147659301758,True,True,True
weast,248,239,2,0.1339111328125,1170,205,1280,339,927.7664184570312,36.68147659301758,True,True,True
weast,248,240,3,0.416748046875,445,255,481,296,351.08843994140625,-5.519253730773926,True,True,True
weast,248,247,2,0.486328125,1,256,58,382,9.948001861572266,51.38162612915039,True,True,False
weast,248,245,7,0.33984375,1172,201,1280,341,919.8866577148438,51.38162612915039,True,True,True
weast,249,67,2,0.60400390625,343,230,369,256,272.15283203125,-44.323463439941406,True,True,True
weast,249,157,3,0.62060546875,552,279,601,359,429.0731506347656,38.4260139465332,True,True,True
weast,249,239,2,0.1656494140625,1188,216,1280,341,926.983642578125,49.66719055175781,True,True,True
weast,249,240,3,0.43017578125,455,255,491,296,359.1687927246094,-6.442991256713867,True,True,True
weast,249,247,2,0.435791015625,2,252,72,393,16.5279598236084,74.97467803955078,True,True,True
weast,249,245,7,0.2239990234375,1189,215,1280,344,924.9548950195312,53.09210968017578,True,True,True
weast,250,67,2,0.54296875,365,235,390,260,288.5538635253906,-40.45181655883789,True,True,True
weast,250,157,3,0.5849609375,578,291,626,371,446.2234191894531,48.80848693847656,True,True,True
weast,250,240,3,0.401611328125,474,262,510,303,372.8089904785156,0.0,True,True,True
weast,250,247,2,0.51171875,5,248,100,394,27.79380226135254,78.28398132324219,True,True,True
weast,250,236,7,0.3310546875,0,3,175,387,53.96622848510742,67.47347259521484,True,True,True
weast,251,67,2,0.54296875,366,234,391,259,289.3611145019531,-40.45181655883789,True,True,True
weast,251,157,3,0.5849609375,581,293,629,373,446.66070556640625,55.65045166015625,True,True,True
weast,251,240,3,0.401611328125,475,262,510,303,372.8089904785156,0.0,True,True,True
weast,251,247,2,0.501953125,0,246,105,393,27.79380226135254,78.28398132324219,True,True,True
weast,251,236,7,0.33642578125,0,2,176,387,54.718162536621094,67.47347259521484,True,True,True
weast,252,67,2,0.5234375,380,239,404,263,300.1976318359375,-37.560523986816406,True,True,True
weast,252,157,3,0.453369140625,594,298,643,379,455.1064147949219,60.7407112121582,True,True,True
weast,252,240,3,0.390380859375,487,265,523,306,382.4333190917969,2.744819164276123,True,True,True
weast,252,247,7,0.416748046875,1,247,123,394,35.271461486816406,79.93301391601562,True,True,True
weast,252,236,7,0.318359375,2,3,186,391,59.196006774902344,71.65029907226562,True,True,True
weast,253,67,2,0.525390625,380,239,405,263,300.1976318359375,-37.560523986816406,True,True,True
weast,253,157,3,0.449462890625,594,298,644,379,455.62762451171875,61.58568572998047,True,True,True
weast,253,240,3,0.390380859375,488,265,523,306,382.4333190917969,2.744819164276123,True,True,True
weast,253,247,7,0.403564453125,0,246,127,392,36.010581970214844,79.10896301269531,True,True,True
weast,253,236,7,0.329345703125,0,3,186,391,58.44621276855469,71.65029907226562,True,True,True
weast,254,67,2,0.43017578125,392,243,416,267,309.2259521484375,-33.72193145751953,True,True,True
weast,254,157,3,0.56591796875,606,305,659,386,465.4420166015625,61.58568572998047,True,True,True
weast,254,240,3,0.4111328125,500,267,535,311,390.8307800292969,7.297762393951416,True,True,True
weast,254,247,7,0.5908203125,0,251,142,399,41.99053955078125,82.39956665039062,True,True,True
weast,254,236,7,0.11517333984375,2,3,199,398,63.59315490722656,80.7561264038086,True,True,True
weast,255,157,3,0.57373046875,634,314,692,400,486.5793151855469,69.14706420898438,True,True,True
weast,255,240,3,0.552734375,523,274,559,319,408.1163330078125,13.626604080200195,True,True,True
weast,255,247,7,0.529296875,0,259,171,405,52.390663146972656,88.12246704101562,True,True,True
weast,255,236,7,0.1871337890625,0,0,231,404,74.6465835571289,87.30767059326172,True,True,True
weast,256,157,3,0.312255859375,647,319,710,407,495.7993469238281,75.80341339111328,True,True,True
weast,256,240,3,0.53125,536,277,573,321,417.5927734375,16.32293701171875,True,True,True
weast,256,247,7,0.435791015625,0,262,194,404,61.286888122558594,88.12246704101562,True,True,True
weast,256,256,2,0.537109375,435,252,457,275,341.54901123046875,-26.10071563720703,True,True,False
weast,257,157,3,0.31396484375,647,319,712,408,494.76885986328125,81.57831573486328,True,True,True
weast,257,240,3,0.529296875,537,276,574,321,418.37091064453125,16.32293701171875,True,True,True
weast,257,247,7,0.437744140625,0,262,201,402,63.510948181152344,88.12246704101562,True,True,True
weast,257,256,2,0.537109375,435,252,457,275,341.54901123046875,-26.10071563720703,True,True,True
weast,257,257,2,0.375732421875,0,262,200,402,63.510948181152344,88.12246704101562,True,True,False
weast,258,157,3,0.484375,662,318,730,410,508.471923828125,78.28398132324219,True,True,True
weast,258,240,3,0.60009765625,551,276,587,320,429.2650451660156,16.32293701171875,True,True,True
weast,258,247,2,0.36474609375,1,262,219,400,70.99095916748047,84.03929901123047,True,True,True
weast,258,256,2,0.552734375,447,250,469,274,351.3323669433594,-27.049314498901367,True,True,True
weast,258,257,7,0.392333984375,2,263,215,400,69.50407409667969,84.03929901123047,True,True,True
weast,259,157,3,0.29248046875,673,318,745,410,518.4420776367188,77.45806121826172,True,True,True
weast,259,240,3,0.58154296875,558,275,595,319,434.71209716796875,16.32293701171875,True,True,True
weast,259,247,7,0.435791015625,0,263,229,400,73.97976684570312,83.21989440917969,True,True,True
weast,259,256,2,0.466796875,455,250,477,273,357.73541259765625,-27.049314498901367,True,True,True
weast,259,257,2,0.12420654296875,46,263,226,400,90.27208709716797,85.67533111572266,True,True,True
weast,260,157,3,0.70263671875,701,320,779,420,539.3612060546875,84.03929901123047,True,True,True
weast,260,240,3,0.58154296875,582,276,619,321,453.1479187011719,17.21959114074707,True,True,True
weast,260,247,7,0.1280517578125,1,237,255,392,84.51979064941406,78.28398132324219,True,True,True
weast,260,256,2,0.533203125,478,249,501,272,376.5443115234375,-28.949975967407227,True,True,True
weast,260,257,7,0.43408203125,90,258,256,392,118.10755157470703,78.28398132324219,True,True,True
weast,260,236,7,0.28369140625,3,0,313,387,106.81055450439453,80.7561264038086,True,True,True
weast,261,157,3,0.70068359375,703,319,783,421,541.3126831054688,84.85777282714844,True,True,True
weast,261,240,3,0.5830078125,582,276,618,320,453.1479187011719,17.21959114074707,True,True,True
weast,261,247,7,0.1246337890625,0,229,262,388,86.8260726928711,75.80341339111328,True,True,True
weast,261,256,2,0.537109375,480,249,503,271,378.1470031738281,-28.949975967407227,True,True,True
weast,261,257,7,0.422607421875,98,258,261,389,122.67127990722656,76.63121032714844,True,True,True
weast,261,263,2,0.43017578125,379,260,426,322,297.8337707519531,25.24207305908203,True,True,False
weast,261,236,7,0.3115234375,1,1,317,386,107.55567932128906,80.7561264038086,True,True,True
weast,262,157,3,0.60400390625,716,322,799,426,550.2962036132812,88.93634033203125,True,True,True
weast,262,240,3,0.6318359375,591,277,627,322,459.6601867675781,19.00972557067871,True,True,True
weast,262,247,7,0.34326171875,3,248,272,389,91.2871322631836,76.63121032714844,True,True,True
weast,262,256,2,0.544921875,489,250,512,272,385.35919189453125,-28.949975967407227,True,True,True
weast,262,257,2,0.1859130859375,118,259,272,390,134.6271514892578,76.63121032714844,True,True,True
weast,262,263,2,0.5234375,389,260,435,323,305.5695495605469,25.24207305908203,True,True,True
weast,263,157,3,0.3701171875,751,325,844,441,576.0663452148438,99.43399810791016,True,True,True
weast,263,240,3,0.60595703125,618,279,655,327,479.8677062988281,21.687023162841797,True,True,True
weast,263,247,7,0.154541015625,5,255,299,384,102.74715423583984,69.98242950439453,True,True,True
weast,263,256,2,0.546875,516,251,537,273,405.9761962890625,-27.999067306518555,True,True,True
weast,263,257,2,0.1806640625,151,260,301,384,158.1058349609375,72.4828109741211,True,True,True
weast,263,263,2,0.49609375,416,261,466,321,328.8301086425781,20.795642852783203,True,True,True
weast,263,267,2,0.42822265625,832,250,886,287,665.52197265625,-10.149049758911133,True,True,False
weast,264,157,3,0.3720703125,753,325,849,444,579.0086059570312,99.43399810791016,True,True,True
weast,264,240,3,0.60205078125,618,279,654,327,479.8677062988281,21.687023162841797,True,True,True
weast,264,247,7,0.1427001953125,1,259,297,382,100.52550506591797,69.14706420898438,True,True,True
weast,264,256,2,0.55078125,517,250,537,272,406.77703857421875,-27.999067306518555,True,True,True
weast,264,257,2,0.1634521484375,155,260,304,380,160.4182586669922,71.65029907226562,True,True,True
weast,264,263,2,0.501953125,417,260,468,320,329.60595703125,20.795642852783203,True,True,True
weast,264,267,2,0.43212890625,832,250,885,287,664.730224609375,-10.149049758911133,True,True,True
weast,264,269,2,0.401611328125,218,261,307,348,188.04507446289062,41.03520965576172,True,True,False
weast,264,270,2,0.36669921875,724,251,798,298,587.6087646484375,-9.220865249633789,True,True,False
weast,264,271,2,0.302490234375,647,263,666,289,505.35382080078125,-12.008770942687988,True,True,False
weast,265,157,3,0.490234375,772,330,873,450,589.9094848632812,111.35881042480469,True,True,True
weast,265,240,3,0.5869140625,631,278,668,327,489.6874694824219,22.577354431152344,True,True,True
weast,265,256,2,0.322509765625,530,250,550,271,417.4133605957031,-28.949975967407227,True,True,True
weast,265,257,2,0.4091796875,177,260,321,378,175.6332550048828,69.14706420898438,True,True,True
weast,265,263,2,0.441650390625,437,260,486,319,344.6976318359375,19.00972557067871,True,True,True
weast,265,267,2,0.368408203125,846,249,898,286,676.1923828125,-11.078351020812988,True,True,True
weast,265,269,2,0.1639404296875,241,264,321,350,202.67958068847656,40.16648864746094,True,True,True
weast,265,271,2,0.1871337890625,658,261,680,289,515.6585693359375,-12.008770942687988,True,True,True
weast,266,157,3,0.74462890625,791,331,899,459,606.6867065429688,111.35881042480469,True,True,True
weast,266,240,3,0.5546875,645,280,684,329,500.77801513671875,24.35487937927246,True,True,True
weast,266,256,2,0.42626953125,544,252,564,273,428.1688537597656,-27.049314498901367,True,True,True
weast,266,257,2,0.275146484375,201,260,340,379,191.4880828857422,68.31074523925781,True,True,True
weast,266,263,2,0.375732421875,455,260,501,319,358.0860900878906,18.11518669128418,True,True,True
weast,266,267,2,0.181884765625,858,251,912,288,685.7228393554688,-9.220865249633789,True,True,True
weast,267,157,3,0.84716796875,825,337,949,477,632.4617309570312,123.08708953857422,False,True,True
weast,267,240,3,0.59619140625,668,278,707,332,517.7513427734375,27.013341903686523,True,True,True
weast,267,256,2,0.470703125,565,253,585,274,444.97686767578125,-27.049314498901367,True,True,True
weast,267,257,2,0.290283203125,230,261,363,378,211.12069702148438,67.47347259521484,True,True,True
weast,267,263,2,0.55810546875,480,262,519,319,374.6011047363281,17.21959114074707,True,True,True
weast,267,267,2,0.1661376953125,885,251,940,289,706.6902465820312,-8.293794631958008,True,True,True
weast,268,157,3,0.845703125,828,338,957,481,629.9974365234375,137.6682891845703,False,True,True
weast,268,240,3,0.59619140625,668,276,708,332,518.5239868164062,27.013341903686523,True,True,True
weast,268,256,2,0.470703125,566,253,585,274,444.97686767578125,-27.049314498901367,True,True,True
weast,268,257,2,0.31396484375,236,260,366,375,214.97607421875,66.63524627685547,True,True,True
weast,268,263,2,0.56005859375,482,262,519,318,375.3787841796875,17.21959114074707,True,True,True
weast,268,267,2,0.1656494140625,884,251,940,289,706.6902465820312,-8.293794631958008,True,True,True
weast,268,274,2,0.342529296875,0,264,166,410,50.888145446777344,96.22022247314453,True,True,False
weast,269,157,3,0.85498046875,843,339,980,490,642.9530029296875,139.18565368652344,False,True,True
weast,269,240,3,0.50390625,678,282,718,334,525.4092407226562,29.662460327148438,True,True,True
weast,269,256,2,0.357666015625,575,253,593,274,451.93438720703125,-26.10071563720703,True,True,True
weast,269,257,2,0.345947265625,250,261,378,373,224.85821533203125,65.79605865478516,True,True,True
weast,269,263,2,0.5888671875,492,263,529,318,383.15570068359375,17.21959114074707,True,True,True
weast,269,267,2,0.39599609375,893,253,952,291,713.7975463867188,-6.442991256713867,True,True,True
weast,269,274,2,0.1412353515625,2,264,181,411,56.77522659301758,97.82891082763672,True,True,True
weast,270,157,3,0.822265625,854,344,1000,501,651.4432373046875,145.97315979003906,False,True,True
weast,270,240,3,0.57763671875,681,284,721,336,527.1611328125,31.42337417602539,True,True,True
weast,270,256,2,0.478515625,578,255,596,275,454.0870056152344,-25.153268814086914,True,True,True
weast,270,257,2,0.323486328125,254,261,382,376,227.7662811279297,66.63524627685547,True,True,True
weast,270,263,2,0.5869140625,496,264,532,319,386.2664794921875,17.21959114074707,True,True,True
weast,270,267,2,0.276611328125,896,254,957,294,715.3541870117188,-2.7546732425689697,True,True,True
weast,270,274,2,0.167236328125,1,267,185,413,58.2358283996582,99.43399810791016,True,True,True
weast,271,157,3,0.87890625,868,347,1026,513,662.0231323242188,154.17987060546875,False,True,True
weast,271,240,3,0.388671875,685,286,727,338,530.4479370117188,33.180171966552734,True,True,True
weast,271,256,2,0.56201171875,582,256,602,276,457.8348693847656,-24.20697021484375,True,True,True
weast,271,257,2,0.310791015625,260,262,388,378,232.0694122314453,68.31074523925781,True,True,True
weast,271,263,2,0.46484375,501,266,536,320,388.9737548828125,19.00972557067871,True,True,True
weast,271,267,3,0.2322998046875,902,255,963,304,715.6830444335938,7.297762393951416,True,True,True
weast,271,274,2,0.36474609375,1,269,193,414,61.162635803222656,101.03550720214844,True,True,True
weast,272,157,3,0.888671875,887,351,1056,524,675.2920532226562,162.2901611328125,False,True,True
weast,272,240,3,0.5927734375,694,286,737,338,536.801513671875,34.93286895751953,True,True,True
weast,272,256,2,0.4609375,591,257,610,277,463.9735107421875,-23.26181983947754,True,True,True
weast,272,257,2,0.57177734375,271,264,398,379,239.47483825683594,69.14706420898438,True,True,True
weast,272,263,2,0.515625,511,266,546,320,396.7414855957031,19.00972557067871,True,True,True
weast,272,267,2,0.2493896484375,911,256,972,298,727.1731567382812,-2.7546732425689697,True,True,True
weast,272,274,2,0.155029296875,3,272,205,401,66.71598052978516,69.98242950439453,True,True,True
weast,273,157,3,0.89404296875,904,356,1089,540,685.0419921875,178.9438018798828,False,True,True
weast,273,240,3,0.43017578125,701,289,745,343,542.0841674804688,37.55425262451172,True,True,True
weast,273,256,2,0.4765625,597,259,615,279,468.2537536621094,-21.374954223632812,True,True,True
weast,273,257,2,0.505859375,277,267,405,381,244.619873046875,69.98242950439453,True,True,True
weast,273,263,2,0.441650390625,517,268,552,321,401.19342041015625,19.90321159362793,True,True,True
weast,273,267,2,0.1766357421875,918,258,982,296,733.853759765625,-1.8353506326675415,True,True,True
weast,273,274,7,0.30908203125,1,274,214,395,68.95562744140625,70.81684112548828,True,True,True
weast,274,157,3,0.8984375,921,362,1123,557,698.298583984375,188.8843536376953,False,True,True
weast,274,240,3,0.439697265625,707,292,752,347,545.8165283203125,40.16648864746094,True,True,True
weast,274,256,2,0.505859375,602,260,620,280,471.9839782714844,-20.4332332611084,True,True,True
weast,274,257,2,0.552734375,285,269,410,382,249.0088348388672,70.81684112548828,True,True,True
weast,274,263,2,0.505859375,523,269,557,322,405.6401062011719,20.795642852783203,True,True,True
weast,274,267,2,0.443603515625,923,259,987,296,739.861572265625,-6.442991256713867,True,True,True
weast,274,274,7,0.42822265625,1,274,224,404,72.67789459228516,72.4828109741211,True,True,True
weast,275,157,3,0.9111328125,941,368,1162,576,713.0701904296875,199.3744354248047,False,True,True
weast,275,240,3,0.435791015625,714,293,760,350,551.357666015625,41.902923583984375,True,True,True
weast,275,256,2,0.403564453125,608,261,626,281,476.50616455078125,-19.492652893066406,True,True,True
weast,275,257,2,0.54296875,291,270,416,382,253.51016235351562,70.81684112548828,True,True,True
weast,275,263,2,0.443603515625,531,270,563,323,411.07110595703125,20.795642852783203,True,True,True
weast,275,267,2,0.25244140625,932,259,994,297,745.76123046875,-5.519253730773926,True,True,True
weast,275,274,7,0.43017578125,0,274,233,416,75.1225814819336,101.03550720214844,True,True,True
weast,276,157,3,0.9052734375,959,373,1202,596,726.2130126953125,212.4293975830078,False,True,True
weast,276,240,3,0.43017578125,719,294,766,352,554.593505859375,43.63532257080078,True,True,True
weast,276,256,2,0.447509765625,613,261,630,281,479.69219970703125,-19.492652893066406,True,True,True
weast,276,257,2,0.53125,298,270,421,381,258.011474609375,70.81684112548828,True,True,True
weast,276,263,2,0.401611328125,537,271,568,322,415.1671142578125,19.90321159362793,True,True,True
weast,276,267,2,0.607421875,938,259,999,297,749.7079467773438,-5.519253730773926,True,True,True
weast,276,274,7,0.350341796875,0,274,241,409,78.13017272949219,97.82891082763672,True,True,True
weast,277,157,3,0.92626953125,977,380,1243,616,740.1254272460938,224.5639190673828,False,True,True
weast,277,240,3,0.50390625,723,293,771,353,558.117919921875,44.50001907348633,True,True,True
weast,277,256,2,0.368408203125,616,261,633,280,483.13604736328125,-23.26181983947754,True,True,True
weast,277,257,2,0.383056640625,280,270,424,381,252.7599334716797,70.81684112548828,True,True,True
weast,277,263,2,0.405517578125,540,270,571,322,417.7143859863281,19.00972557067871,True,True,True
weast,277,267,2,0.466796875,941,259,1003,297,752.8653564453125,-5.519253730773926,True,True,True
weast,277,274,7,0.447509765625,0,273,253,410,82.52877807617188,98.63190460205078,True,True,True
weast,278,157,3,0.92431640625,996,387,1273,640,748.376220703125,239.09588623046875,False,True,True
weast,278,240,3,0.56982421875,727,294,776,354,560.5774536132812,46.22639846801758,True,True,True
weast,278,256,2,0.486328125,619,261,636,280,484.73577880859375,-20.4332332611084,True,True,True
weast,278,257,2,0.28466796875,286,268,428,379,256.7496337890625,69.14706420898438,True,True,True
weast,278,263,2,0.470703125,544,269,576,320,422.040283203125,17.21959114074707,True,True,True
weast,278,267,2,0.437744140625,945,260,1007,297,755.5982055664062,-4.596622943878174,True,True,True
weast,278,274,7,0.315673828125,1,272,257,406,84.79943084716797,96.22022247314453,True,True,True
weast,279,157,3,0.896484375,1016,395,1280,658,755.8856201171875,242.353759765625,False,True,True
weast,279,240,3,0.46484375,732,295,782,355,564.8546142578125,47.08809280395508,True,True,True
weast,279,256,2,0.33447265625,621,261,638,279,487.12823486328125,-23.26181983947754,True,True,True
weast,279,257,2,0.36474609375,297,268,430,378,261.3781433105469,68.31074523925781,True,True,True
weast,279,263,2,0.445556640625,547,269,578,319,423.8179931640625,16.32293701171875,True,True,True
weast,279,267,2,0.22265625,947,260,1010,298,757.1759033203125,-4.596622943878174,True,True,True
weast,279,274,7,0.173828125,0,270,259,400,84.88343811035156,92.99202728271484,True,True,True
weast,280,157,3,0.84814453125,1038,404,1280,656,765.7000122070312,237.7881317138672,False,True,True
weast,280,240,3,0.42626953125,736,295,788,354,568.968505859375,46.22639846801758,True,True,True
weast,280,256,2,0.435791015625,624,260,641,278,489.5235595703125,-23.26181983947754,True,True,True
weast,280,257,2,0.437744140625,290,265,434,376,260.8703308105469,66.63524627685547,True,True,True
weast,280,263,2,0.546875,551,267,582,317,427.37969970703125,14.526445388793945,True,True,True
weast,280,267,2,0.57763671875,951,258,1014,295,761.1866455078125,-6.442991256713867,True,True,True
weast,280,274,7,0.1163330078125,0,270,268,394,89.33114624023438,66.63524627685547,True,True,True
weast,280,290,3,0.43212890625,754,297,788,353,575.5280151367188,47.08809280395508,True,True,False
weast,281,157,3,0.73095703125,1060,412,1280,659,771.9140014648438,239.748779296875,False,True,True
weast,281,240,3,0.60400390625,740,290,792,353,572.3239135742188,45.36370849609375,True,True,True
weast,281,256,2,0.34326171875,626,258,643,275,492.4698181152344,-27.999067306518555,True,True,True
weast,281,257,2,0.6533203125,307,263,437,374,268.6468200683594,64.9559097290039,True,True,True
weast,281,263,2,0.401611328125,554,265,585,314,430.396728515625,11.823721885681152,True,True,True
weast,281,267,2,0.494140625,956,254,1019,292,766.8619384765625,-10.149049758911133,True,True,True
weast,281,274,2,0.2493896484375,3,268,292,397,98.29715728759766,89.74930572509766,True,True,True
weast,282,157,3,0.732421875,1082,417,1280,661,774.086669921875,248.82058715820312,False,True,True
weast,282,240,3,0.611328125,741,289,795,352,574.4614868164062,43.63532257080078,True,True,True
weast,282,256,2,0.29736328125,627,256,643,272,494.0857238769531,-30.855270385742188,True,True,True
weast,282,257,2,0.69091796875,313,261,436,373,270.408447265625,63.272727966308594,True,True,True
weast,282,263,2,0.529296875,554,262,586,310,431.86083984375,9.111371040344238,True,True,True
weast,282,267,2,0.6279296875,956,250,1020,289,768.9551391601562,-12.940312385559082,True,True,True
weast,282,274,2,0.294921875,7,267,300,397,102.8026123046875,88.12246704101562,True,True,True
weast,282,293,3,0.352294921875,688,261,704,290,536.76611328125,-11.078351020812988,True,True,False
weast,283,157,3,0.81884765625,1105,424,1280,651,786.1417846679688,240.4010009765625,False,True,True
weast,283,240,3,0.62255859375,741,286,798,349,575.5321044921875,42.76962661743164,True,True,True
weast,283,256,2,0.4921875,626,253,643,270,493.28338623046875,-30.855270385742188,True,True,True
weast,283,257,2,0.6689453125,314,260,435,372,270.5362243652344,62.429691314697266,True,True,True
weast,283,263,2,0.57373046875,554,260,586,308,432.31793212890625,7.297762393951416,True,True,True
weast,283,267,2,0.611328125,956,247,1019,285,769.9027709960938,-16.677724838256836,True,True,True
weast,283,274,2,0.2705078125,11,266,279,393,96.87179565429688,88.12246704101562,True,True,True
weast,283,293,3,0.195556640625,688,258,704,288,537.6509399414062,-13.872976303100586,True,True,True
weast,284,157,3,0.84814453125,1130,435,1280,641,792.8871459960938,243.65232849121094,False,True,True
weast,284,240,3,0.5869140625,741,289,799,351,575.6832275390625,44.50001907348633,True,True,True
weast,284,256,2,0.441650390625,625,253,643,269,494.0999450683594,-33.72193145751953,True,True,True
weast,284,257,2,0.662109375,313,260,434,372,269.9092102050781,61.58568572998047,True,True,True
weast,284,263,2,0.611328125,554,259,586,307,432.5469055175781,6.389340400695801,True,True,True
weast,284,267,2,0.57958984375,956,247,1018,285,769.9027709960938,-16.677724838256836,True,True,True
weast,284,274,2,0.318359375,11,264,275,399,95.3350830078125,89.74930572509766,True,True,True
weast,284,293,3,0.26904296875,687,258,703,288,536.8572998046875,-13.872976303100586,True,True,True
weast,285,157,3,0.84814453125,1156,448,1280,654,796.5946655273438,252.02980041503906,False,True,True
weast,285,240,3,0.640625,741,291,801,354,575.5280151367188,47.08809280395508,True,True,True
weast,285,256,2,0.51953125,625,256,641,270,492.4810791015625,-30.855270385742188,True,True,True
weast,285,257,2,0.5908203125,311,260,433,372,269.0271911621094,62.429691314697266,True,True,True
weast,285,263,2,0.615234375,553,260,586,308,431.53515625,7.297762393951416,True,True,True
weast,285,267,2,0.5888671875,953,249,1014,286,765.8549194335938,-14.806764602661133,True,True,True
weast,285,274,2,0.2288818359375,7,264,266,405,90.10338592529297,91.37248992919922,True,True,True
weast,285,293,3,0.204345703125,686,259,702,290,535.7693481445312,-12.940312385559082,True,True,True
weast,285,298,2,0.33642578125,709,244,759,275,572.5565185546875,-27.999067306518555,True,True,False
weast,286,157,3,0.81298828125,1191,461,1280,658,808.1492919921875,251.3892364501953,False,True,True
weast,286,240,3,0.61328125,742,292,803,357,575.6786499023438,48.80848693847656,True,True,True
weast,286,256,2,0.541015625,624,257,640,271,491.408203125,-29.902042388916016,True,True,True
weast,286,257,2,0.5546875,310,261,433,373,268.14617919921875,63.272727966308594,True,True,True
weast,286,263,2,0.642578125,552,261,586,308,431.30694580078125,8.205105781555176,True,True,True
weast,286,267,2,0.5888671875,952,250,1011,287,763.8346557617188,-13.872976303100586,True,True,True
weast,286,274,2,0.226806640625,3,266,264,411,87.8388671875,92.99202728271484,True,True,True
weast,286,293,3,0.25830078125,687,261,702,290,535.475341796875,-12.008770942687988,True,True,True
weast,286,298,2,0.27197265625,710,246,760,276,573.0376586914062,-27.049314498901367,True,True,True
weast,287,157,3,0.546875,1228,474,1280,653,809.9806518554688,269.08636474609375,False,True,True
weast,287,240,3,0.5947265625,746,289,809,357,579.1786499023438,49.66719055175781,True,True,True
weast,287,256,2,0.458984375,626,256,643,270,493.28338623046875,-30.855270385742188,True,True,True
weast,287,257,2,0.544921875,310,260,435,372,269.0271911621094,62.429691314697266,True,True,True
weast,287,263,2,0.6298828125,554,260,589,307,433.33013916015625,6.389340400695801,True,True,True
weast,287,267,2,0.60595703125,955,249,1014,286,766.6489868164062,-14.806764602661133,True,True,True
weast,287,274,2,0.26220703125,15,265,268,409,93.7757568359375,92.18270874023438,True,True,True
weast,287,293,3,0.346923828125,689,260,705,290,539.3340454101562,-16.677724838256836,True,True,True
weast,287,298,2,0.381103515625,720,250,762,275,578.16259765625,-27.999067306518555,True,True,True
weast,288,240,3,0.6513671875,748,287,812,359,580.8451538085938,51.38162612915039,True,True,True
weast,288,256,2,0.401611328125,625,255,641,269,492.75244140625,-31.809659957885742,True,True,True
weast,288,257,2,0.420654296875,306,258,431,370,266.25994873046875,60.7407112121582,True,True,True
weast,288,263,2,0.537109375,552,258,587,304,432.4507751464844,3.6575779914855957,True,True,True
weast,288,267,2,0.5908203125,953,249,1011,286,765.060791015625,-14.806764602661133,True,True,True
weast,288,274,2,0.385009765625,17,263,267,407,94.59456634521484,89.74930572509766,True,True,True
weast,288,293,3,0.401611328125,689,259,703,290,537.3556518554688,-12.940312385559082,True,True,True
weast,288,298,2,0.235107421875,722,252,761,274,578.485595703125,-28.949975967407227,True,True,True
weast,289,240,3,0.6533203125,749,287,814,361,581.297119140625,52.237361907958984,True,True,True
weast,289,256,2,0.401611328125,625,254,642,269,492.75244140625,-31.809659957885742,True,True,True
weast,289,257,2,0.420654296875,305,258,431,370,266.25994873046875,60.7407112121582,True,True,True
weast,289,263,2,0.53515625,552,258,587,303,432.4507751464844,3.6575779914855957,True,True,True
weast,289,267,2,0.5908203125,953,249,1010,286,764.2667236328125,-14.806764602661133,True,True,True
weast,289,274,2,0.385009765625,19,263,267,408,95.3350830078125,89.74930572509766,True,True,True
weast,289,293,3,0.401611328125,689,259,704,290,537.3556518554688,-12.940312385559082,True,True,True
weast,289,298,2,0.2379150390625,723,253,761,274,579.2869262695312,-28.949975967407227,True,True,True
weast,290,240,3,0.51953125,751,287,819,362,584.0264892578125,53.09210968017578,True,True,True
weast,290,256,2,0.350341796875,625,253,641,268,493.0241394042969,-32.76521301269531,True,True,True
weast,290,257,2,0.484375,304,256,432,369,266.3855895996094,59.894771575927734,True,True,True
weast,290,263,2,0.607421875,551,258,588,302,432.6803894042969,2.744819164276123,True,True,True
weast,290,267,2,0.56005859375,954,250,1010,287,764.6282958984375,-13.872976303100586,True,True,True
weast,290,274,2,0.39990234375,25,260,264,391,96.29570770263672,83.21989440917969,True,True,True
weast,290,293,3,0.37744140625,690,258,704,290,538.1488037109375,-12.940312385559082,True,True,True
weast,290,298,2,0.162353515625,723,253,758,274,577.6842651367188,-28.949975967407227,True,True,True
weast,291,240,3,0.615234375,750,286,820,363,583.7172241210938,53.94587326049805,True,True,True
weast,291,256,2,0.494140625,623,251,641,267,492.49237060546875,-33.72193145751953,True,True,True
weast,291,257,2,0.385009765625,297,254,429,367,262.7301025390625,59.047855377197266,True,True,True
weast,291,263,2,0.55078125,549,257,587,301,432.1246643066406,1.8309710025787354,True,True,True
weast,291,267,2,0.57568359375,951,249,1011,286,764.2667236328125,-14.806764602661133,True,True,True
weast,291,274,2,0.439697265625,21,259,259,384,93.37222290039062,81.57831573486328,True,True,True
weast,291,293,3,0.4091796875,688,260,702,290,536.5625,-12.940312385559082,True,True,True
weast,291,298,2,0.19189453125,720,250,751,273,573.9979248046875,-29.902042388916016,True,True,True
weast,291,303,2,0.39599609375,676,249,698,270,536.40283203125,-32.76521301269531,True,True,False
weast,292,240,3,0.60009765625,749,287,819,364,582.64990234375,54.79865264892578,True,True,True
weast,292,256,2,0.2705078125,619,250,637,266,489.54705810546875,-34.6798210144043,True,True,True
weast,292,257,2,0.42626953125,292,254,424,367,258.9488220214844,59.047855377197266,True,True,True
weast,292,263,2,0.39990234375,547,256,584,301,430.2247314453125,0.0,True,True,True
weast,292,267,2,0.486328125,948,248,1008,285,762.3154907226562,-15.741680145263672,True,True,True
weast,292,274,2,0.453369140625,13,263,191,383,65.27593231201172,64.9559097290039,True,True,True
weast,292,293,3,0.346923828125,686,260,700,289,535.27001953125,-13.872976303100586,True,True,True
weast,292,303,2,0.235107421875,674,248,693,269,533.4861450195312,-33.72193145751953,True,True,True
weast,293,240,3,0.65673828125,748,288,820,366,582.0339965820312,56.50126647949219,True,True,True
weast,293,256,2,0.291015625,618,251,634,266,487.9384765625,-34.6798210144043,True,True,True
weast,293,257,2,0.33544921875,291,254,422,368,257.31573486328125,59.894771575927734,True,True,True
weast,293,263,2,0.56396484375,548,256,582,300,430.2247314453125,0.0,True,True,True
weast,293,267,2,0.529296875,945,247,1004,284,759.56689453125,-16.677724838256836,True,True,True
weast,293,274,2,0.392333984375,16,267,163,380,55.396751403808594,80.7561264038086,True,True,True
weast,293,293,3,0.455078125,684,260,698,289,533.389892578125,-12.940312385559082,True,True,True
weast,293,303,2,0.329345703125,672,247,690,269,531.8785400390625,-33.72193145751953,True,True,True
weast,294,240,3,0.7041015625,750,289,823,368,583.2408447265625,57.351104736328125,True,True,True
weast,294,256,2,0.414794921875,616,251,634,266,487.1341857910156,-34.6798210144043,True,True,True
weast,294,257,2,0.43212890625,287,255,421,370,255.68453979492188,60.7407112121582,True,True,True
weast,294,263,2,0.521484375,548,255,582,300,430.2247314453125,0.0,True,True,True
weast,294,267,2,0.4609375,944,245,1003,283,759.6319580078125,-18.55320930480957,True,True,True
weast,294,274,2,0.33447265625,19,269,155,378,53.913902282714844,79.10896301269531,True,True,True
weast,294,293,3,0.4765625,683,260,697,289,532.88916015625,-13.872976303100586,True,True,True
weast,294,303,2,0.2421875,671,247,692,269,530.992919921875,-30.855270385742188,True,True,True
weast,295,240,3,0.6826171875,753,287,827,368,586.2693481445312,57.351104736328125,True,True,True
weast,295,256,2,0.484375,615,250,633,264,486.86676025390625,-36.59911346435547,True,True,True
weast,295,257,2,0.3251953125,287,255,420,369,254.9291534423828,60.7407112121582,True,True,True
weast,295,263,2,0.383056640625,548,254,582,299,430.4535217285156,-0.9171268939971924,True,True,True
weast,295,267,2,0.46875,944,242,1003,280,760.4940795898438,-20.4332332611084,True,True,True
weast,295,274,2,0.24365234375,20,270,151,374,52.43631362915039,74.97467803955078,True,True,True
weast,295,293,3,0.2861328125,683,257,697,288,533.1819458007812,-14.806764602661133,True,True,True
weast,295,303,2,0.3173828125,670,245,690,268,530.7796630859375,-32.76521301269531,True,True,True
weast,295,308,2,0.357666015625,18,262,250,383,88.85706329345703,83.21989440917969,True,True,False
weast,296,240,3,0.638671875,754,285,830,370,587.4730224609375,58.19997024536133,True,True,True
weast,296,256,2,0.325927734375,614,249,632,263,486.3299255371094,-37.560523986816406,True,True,True
weast,296,257,2,0.281494140625,277,254,418,370,250.2804412841797,61.58568572998047,True,True,True
weast,296,263,2,0.33642578125,547,254,582,296,430.1240234375,-2.7546732425689697,True,True,True
weast,296,267,2,0.350341796875,943,241,1002,278,760.5604248046875,-22.31781578063965,True,True,True
weast,296,274,2,0.1566162109375,20,270,150,375,52.44207763671875,73.31438446044922,True,True,True
weast,296,293,3,0.235107421875,681,255,698,287,532.6804809570312,-15.741680145263672,True,True,True
weast,296,303,2,0.27197265625,668,244,688,266,530.3516235351562,-36.59911346435547,True,True,True
weast,296,308,2,0.361083984375,17,261,242,383,85.76676940917969,59.047855377197266,True,True,True
weast,296,271,2,0.420654296875,733,245,768,282,583.7393798828125,-23.26181983947754,True,True,True
weast,296,298,2,0.276611328125,710,246,738,269,566.7589721679688,-34.6798210144043,True,True,True
weast,297,240,3,0.5908203125,753,287,830,374,585.7882080078125,60.7407112121582,True,True,True
weast,297,256,2,0.403564453125,611,248,629,263,483.9126281738281,-37.560523986816406,True,True,True
weast,297,257,2,0.269775390625,270,253,414,369,246.6199188232422,60.7407112121582,True,True,True
weast,297,263,2,0.422607421875,543,253,579,295,427.98797607421875,-3.6750965118408203,True,True,True
weast,297,267,2,0.46875,939,241,999,279,758.1665649414062,-22.31781578063965,True,True,True
weast,297,274,2,0.2213134765625,15,269,146,374,48.699642181396484,70.81684112548828,True,True,True
weast,297,293,3,0.2705078125,680,255,695,287,531.0913696289062,-15.741680145263672,True,True,True
weast,297,303,2,0.490234375,664,244,685,266,527.1304931640625,-36.59911346435547,True,True,True
weast,297,308,2,0.509765625,14,259,237,377,82.76207733154297,58.19997024536133,True,True,True
weast,297,271,2,0.51171875,729,245,765,282,581.3440551757812,-23.26181983947754,True,True,True
weast,297,298,2,0.19677734375,705,246,736,268,563.5418090820312,-34.6798210144043,True,True,True
weast,298,240,3,0.5390625,751,287,831,378,584.5556030273438,64.11479949951172,True,True,True
weast,298,256,2,0.420654296875,606,248,624,262,479.8837890625,-37.560523986816406,True,True,True
weast,298,257,7,0.4111328125,263,251,407,368,241.44354248046875,59.894771575927734,True,True,True
weast,298,263,2,0.55078125,537,252,574,295,423.4827575683594,-4.596622943878174,True,True,True
weast,298,267,2,0.513671875,932,242,991,279,751.3563232421875,-21.374954223632812,True,True,True
weast,298,274,2,0.199951171875,4,265,137,377,41.19038391113281,69.14706420898438,True,True,True
weast,298,293,3,0.32763671875,675,256,690,288,526.8291015625,-14.806764602661133,True,True,True
weast,298,303,2,0.27197265625,659,243,679,266,523.3952026367188,-37.560523986816406,True,True,True
weast,298,308,2,0.418701171875,5,257,229,389,76.19507598876953,84.03929901123047,True,True,True
weast,298,271,2,0.56005859375,724,247,754,283,574.95654296875,-23.26181983947754,True,True,True
weast,298,298,2,0.2147216796875,699,245,731,268,559.5203857421875,-34.6798210144043,True,True,True
weast,299,240,3,0.5390625,753,288,835,380,586.5079956054688,64.9559097290039,True,True,True
weast,299,256,2,0.43017578125,606,248,624,262,479.8837890625,-37.560523986816406,True,True,True
weast,299,257,7,0.4091796875,263,252,407,368,241.44354248046875,59.894771575927734,True,True,True
weast,299,263,2,0.55078125,537,252,575,296,424.2716369628906,-4.596622943878174,True,True,True
weast,299,267,2,0.513671875,933,242,992,279,752.1537475585938,-21.374954223632812,True,True,True
weast,299,274,2,0.19873046875,3,265,136,380,40.498085021972656,81.57831573486328,True,True,True
weast,299,293,3,0.329345703125,676,257,691,288,527.6232299804688,-14.806764602661133,True,True,True
weast,299,303,2,0.3173828125,659,243,679,266,523.3952026367188,-37.560523986816406,True,True,True
weast,299,308,2,0.42431640625,3,258,228,394,74.67735290527344,85.67533111572266,True,True,True
weast,299,271,2,0.55810546875,724,248,753,282,574.1580810546875,-23.26181983947754,True,True,True
weast,299,298,2,0.21337890625,699,245,732,268,559.5203857421875,-34.6798210144043,True,True,True
weast,300,240,3,0.48046875,751,293,836,381,584.83251953125,67.47347259521484,True,True,True
weast,300,256,2,0.325927734375,603,248,621,263,477.46649169921875,-37.560523986816406,True,True,True
weast,300,257,7,0.474609375,253,251,403,368,236.15280151367188,59.894771575927734,True,True,True
weast,300,263,2,0.6279296875,534,252,572,295,422.1295166015625,-5.519253730773926,True,True,True
weast,300,267,2,0.494140625,929,242,988,280,748.9638671875,-21.374954223632812,True,True,True
weast,300,274,2,0.26123046875,0,265,135,380,38.92752456665039,67.47347259521484,True,True,True
weast,300,293,3,0.37939453125,673,258,689,288,526.0349731445312,-14.806764602661133,True,True,True
weast,300,303,2,0.357666015625,655,243,677,266,520.6882934570312,-36.59911346435547,True,True,True
weast,300,308,2,0.385009765625,0,256,224,392,72.44953155517578,85.67533111572266,True,True,True
weast,300,271,2,0.45703125,722,248,750,283,572.5612182617188,-23.26181983947754,True,True,True
weast,300,298,2,0.1883544921875,697,245,728,269,557.1074829101562,-34.6798210144043,True,True,True
weast,301,240,3,0.338134765625,752,296,838,383,585.4146728515625,69.98242950439453,True,True,True
weast,301,256,2,0.219970703125,601,248,619,262,476.1173095703125,-38.52310562133789,True,True,True
weast,301,257,2,0.403564453125,250,251,400,368,233.88534545898438,59.894771575927734,True,True,True
weast,301,263,2,0.57958984375,532,252,570,294,420.55084228515625,-5.519253730773926,True,True,True
weast,301,267,2,0.451416015625,927,243,987,281,747.7422485351562,-20.4332332611084,True,True,True
weast,301,274,2,0.2213134765625,0,264,130,370,37.42365264892578,67.47347259521484,True,True,True
weast,301,293,3,0.34521484375,671,259,688,288,524.1592407226562,-13.872976303100586,True,True,True
weast,301,303,2,0.1519775390625,654,244,674,266,519.0777587890625,-36.59911346435547,True,True,True
weast,301,308,2,0.4111328125,0,254,223,379,71.77574920654297,81.57831573486328,True,True,True
weast,301,271,2,0.498046875,720,247,754,284,573.0408935546875,-22.31781578063965,True,True,True
weast,301,298,2,0.1441650390625,694,246,732,269,557.9118041992188,-34.6798210144043,True,True,True
weast,302,240,3,0.37939453125,754,295,843,388,586.7442016601562,72.4828109741211,True,True,True
weast,302,256,2,0.36669921875,600,247,618,262,475.0491943359375,-37.560523986816406,True,True,True
weast,302,257,7,0.4921875,251,251,399,369,233.77835083007812,60.7407112121582,True,True,True
weast,302,263,2,0.52734375,531,252,570,294,419.7615051269531,-5.519253730773926,True,True,True
weast,302,267,2,0.486328125,925,243,988,281,746.9453125,-20.4332332611084,True,True,True
weast,302,274,2,0.1044921875,0,264,127,365,35.91978454589844,67.47347259521484,True,True,True
weast,302,293,3,0.405517578125,670,261,687,289,523.3656616210938,-13.872976303100586,True,True,True
weast,302,303,2,0.1812744140625,653,244,673,266,518.2724609375,-36.59911346435547,True,True,True
weast,302,308,2,0.462890625,0,255,223,385,71.7481689453125,83.21989440917969,True,True,True
weast,302,271,2,0.5888671875,719,248,757,284,573.8388671875,-22.31781578063965,True,True,True
weast,302,298,2,0.182373046875,694,246,729,269,555.9925537109375,-33.72193145751953,True,True,True
weast,303,240,3,0.3701171875,758,294,848,391,589.5654296875,74.97467803955078,True,True,True
weast,303,256,2,0.368408203125,600,247,618,262,475.0491943359375,-37.560523986816406,True,True,True
weast,303,257,7,0.509765625,251,251,399,369,233.77835083007812,60.7407112121582,True,True,True
weast,303,263,2,0.64599609375,532,252,571,294,420.774658203125,-6.442991256713867,True,True,True
weast,303,267,2,0.5390625,926,244,988,281,747.3186645507812,-19.492652893066406,True,True,True
weast,303,293,3,0.45703125,672,261,688,289,524.6652221679688,-12.940312385559082,True,True,True
weast,303,303,2,0.24658203125,654,245,674,267,519.0777587890625,-36.59911346435547,True,True,True
weast,303,308,7,0.322509765625,1,254,223,381,72.49203491210938,83.21989440917969,True,True,True
weast,303,271,2,0.64794921875,720,247,760,285,573.5217895507812,-16.677724838256836,True,True,True
weast,303,298,2,0.1710205078125,695,246,734,269,558.4039916992188,-33.72193145751953,True,True,True
weast,304,240,3,0.48828125,760,297,854,392,591.6301879882812,77.45806121826172,True,True,True
weast,304,256,2,0.352294921875,600,247,618,262,475.31103515625,-38.52310562133789,True,True,True
weast,304,257,7,0.435791015625,250,250,399,369,233.02296447753906,60.7407112121582,True,True,True
weast,304,263,2,0.62451171875,532,252,571,294,420.774658203125,-6.442991256713867,True,True,True
weast,304,267,2,0.494140625,926,244,988,281,747.3186645507812,-19.492652893066406,True,True,True
weast,304,293,3,0.453369140625,672,260,689,289,524.6652221679688,-12.940312385559082,True,True,True
weast,304,303,2,0.2081298828125,655,245,675,267,519.0177612304688,-33.72193145751953,True,True,True
weast,304,308,2,0.219970703125,1,253,222,381,71.76194763183594,82.39956665039062,True,True,True
weast,304,271,2,0.642578125,720,247,761,285,573.5217895507812,-16.677724838256836,True,True,True
weast,304,298,2,0.123779296875,695,246,737,269,560.0115356445312,-33.72193145751953,True,True,True
weast,305,240,3,0.490234375,761,298,856,393,592.068115234375,78.28398132324219,True,True,True
weast,305,256,2,0.352294921875,600,247,618,262,475.31103515625,-38.52310562133789,True,True,True
weast,305,257,7,0.435791015625,250,250,399,369,233.02296447753906,60.7407112121582,True,True,True
weast,305,263,2,0.62451171875,532,252,571,294,420.774658203125,-6.442991256713867,True,True,True
weast,305,267,2,0.49609375,926,244,988,281,747.3186645507812,-19.492652893066406,True,True,True
weast,305,293,3,0.455078125,672,260,689,290,524.6652221679688,-12.940312385559082,True,True,True
weast,305,303,2,0.2081298828125,655,245,676,267,519.0177612304688,-33.72193145751953,True,True,True
weast,305,308,2,0.2186279296875,2,253,222,381,72.52045440673828,81.57831573486328,True,True,True
weast,305,271,2,0.64404296875,720,246,762,285,574.31689453125,-16.677724838256836,True,True,True
weast,305,298,2,0.12420654296875,695,246,738,269,560.0115356445312,-33.72193145751953,True,True,True
weast,306,240,3,0.405517578125,763,300,864,400,593.6326904296875,84.03929901123047,True,True,True
weast,306,256,2,0.2147216796875,596,246,614,260,472.6067199707031,-40.45181655883789,True,True,True
weast,306,257,7,0.498046875,241,246,394,366,228.0461883544922,58.19997024536133,True,True,True
weast,306,263,2,0.490234375,529,249,568,291,420.8694152832031,-16.677724838256836,True,True,True
weast,306,267,2,0.455078125,923,245,982,281,743.3361206054688,-19.492652893066406,True,True,True
weast,306,308,7,0.1795654296875,0,247,220,379,71.09813690185547,77.45806121826172,True,True,True
weast,306,271,2,0.56201171875,716,245,759,284,571.4530639648438,-17.614900588989258,True,True,True
weast,306,298,2,0.235107421875,691,245,726,268,553.8903198242188,-34.6798210144043,True,True,True
weast,307,240,3,0.37939453125,782,303,869,403,601.6152954101562,86.49195861816406,True,True,True
weast,307,256,2,0.2147216796875,597,246,614,260,472.6067199707031,-40.45181655883789,True,True,True
weast,307,257,7,0.505859375,239,246,395,366,228.0461883544922,58.19997024536133,True,True,True
weast,307,263,2,0.490234375,529,249,569,291,421.66448974609375,-16.677724838256836,True,True,True
weast,307,267,2,0.453369140625,923,245,982,281,743.3361206054688,-19.492652893066406,True,True,True
weast,307,308,7,0.18896484375,1,247,222,380,71.84495544433594,77.45806121826172,True,True,True
weast,307,271,2,0.54296875,717,245,760,284,572.2485961914062,-17.614900588989258,True,True,True
weast,307,298,2,0.2379150390625,691,245,723,268,553.0860595703125,-34.6798210144043,True,True,True
weast,307,293,3,0.303955078125,669,256,687,288,523.3656616210938,-13.872976303100586,True,True,True
weast,308,240,3,0.455078125,776,303,878,405,602.7866821289062,87.30767059326172,True,True,True
weast,308,256,2,0.2493896484375,597,245,616,259,473.67529296875,-41.41794967651367,True,True,True
weast,308,257,7,0.4921875,240,246,397,366,228.90719604492188,57.351104736328125,True,True,True
weast,308,263,2,0.34521484375,533,249,570,290,423.481689453125,-17.614900588989258,True,True,True
weast,308,267,2,0.27197265625,923,244,981,280,743.75732421875,-20.4332332611084,True,True,True
weast,308,308,7,0.2998046875,3,246,217,368,71.55071258544922,49.66719055175781,True,True,True
weast,308,271,2,0.474609375,718,244,762,283,574.157958984375,-18.55320930480957,True,True,True
weast,308,298,2,0.299072265625,692,244,724,267,554.1998901367188,-35.63888168334961,True,True,True
weast,308,293,3,0.394287109375,672,259,689,288,524.952880859375,-13.872976303100586,True,True,True
weast,309,240,3,0.242919921875,778,305,887,409,605.238525390625,90.56135559082031,True,True,True
weast,309,256,2,0.51953125,598,244,618,258,475.5534362792969,-42.3852653503418,True,True,True
weast,309,257,7,0.445556640625,246,245,398,366,231.93568420410156,57.351104736328125,True,True,True
weast,309,263,2,0.435791015625,542,247,572,289,426.6510314941406,-11.078351020812988,True,True,True
weast,309,267,2,0.39794921875,924,243,980,279,743.75732421875,-20.4332332611084,True,True,True
weast,309,308,7,0.312255859375,6,245,221,364,73.84920501708984,48.80848693847656,True,True,True
weast,309,271,2,0.640625,720,243,763,283,574.9539794921875,-18.55320930480957,True,True,True
weast,309,298,2,0.322509765625,694,244,725,267,555.3151245117188,-36.59911346435547,True,True,True
weast,309,293,3,0.36474609375,674,259,691,288,526.8291015625,-14.806764602661133,True,True,True
weast,309,330,2,0.401611328125,247,244,398,366,231.93568420410156,57.351104736328125,True,True,False
weast,310,240,3,0.2239990234375,784,309,902,416,611.1615600585938,96.22022247314453,True,True,True
weast,310,256,2,0.39794921875,599,245,618,258,475.5534362792969,-42.3852653503418,True,True,True
weast,310,263,2,0.282958984375,545,247,574,288,428.46466064453125,-12.008770942687988,True,True,True
weast,310,267,2,0.486328125,926,244,982,280,744.9291381835938,-19.492652893066406,True,True,True
weast,310,308,7,0.24365234375,7,244,223,360,75.38841247558594,47.948787689208984,True,True,True
weast,310,271,2,0.56396484375,722,244,765,283,576.5460205078125,-18.55320930480957,True,True,True
weast,310,298,2,0.11126708984375,695,244,727,267,556.9256591796875,-36.59911346435547,True,True,True
weast,311,240,3,0.226806640625,786,310,907,418,612.7401733398438,97.82891082763672,True,True,True
weast,311,256,2,0.39599609375,599,245,617,258,475.5534362792969,-42.3852653503418,True,True,True
weast,311,263,2,0.282958984375,545,247,575,287,429.2573547363281,-12.008770942687988,True,True,True
weast,311,267,2,0.484375,925,244,983,279,745.351318359375,-20.4332332611084,True,True,True
weast,311,308,7,0.2421875,6,245,223,358,74.62646484375,47.948787689208984,True,True,True
weast,311,271,2,0.56396484375,722,244,765,283,576.5460205078125,-18.55320930480957,True,True,True
weast,311,298,2,0.11083984375,695,244,726,267,556.120361328125,-36.59911346435547,True,True,True
weast,311,257,7,0.53515625,250,245,398,366,233.44993591308594,57.351104736328125,True,True,True
weast,312,240,3,0.3173828125,790,308,915,423,616.2041625976562,100.23519897460938,True,True,True
weast,312,256,2,0.3173828125,600,245,619,259,476.0985412597656,-41.41794967651367,True,True,True
weast,312,263,2,0.30908203125,546,246,577,287,430.0500183105469,-12.008770942687988,True,True,True
weast,312,267,2,0.33984375,927,243,986,280,746.9453125,-20.4332332611084,True,True,True
weast,312,308,7,0.451416015625,3,246,225,361,74.61070251464844,48.80848693847656,True,True,True
weast,312,271,2,0.48828125,723,244,767,283,578.1380615234375,-18.55320930480957,True,True,True
weast,312,257,7,0.513671875,250,244,399,366,233.44993591308594,57.351104736328125,True,True,True
weast,313,240,3,0.439697265625,795,306,926,427,620.4855346679688,104.22782135009766,True,True,True
weast,313,256,2,0.34326171875,601,245,619,259,476.9062805175781,-41.41794967651367,True,True,True
weast,313,263,2,0.3173828125,543,247,578,287,429.7176513671875,-13.872976303100586,True,True,True
weast,313,267,2,0.368408203125,928,243,989,280,748.5392456054688,-20.4332332611084,True,True,True
weast,313,308,7,0.486328125,1,246,227,363,74.59496307373047,49.66719055175781,True,True,True
weast,313,271,2,0.443603515625,724,244,768,283,578.93408203125,-18.55320930480957,True,True,True
weast,313,257,7,0.458984375,250,244,398,366,233.44993591308594,57.351104736328125,True,True,True
weast,313,293,3,0.390380859375,679,250,697,289,531.0104370117188,-12.940312385559082,True,True,True
weast,314,240,3,0.6513671875,801,312,936,433,624.7431640625,108.19828033447266,True,True,True
weast,314,256,2,0.2379150390625,603,245,621,259,478.5217590332031,-41.41794967651367,True,True,True
weast,314,263,2,0.4921875,549,248,580,288,432.42803955078125,-12.008770942687988,True,True,True
weast,314,267,2,0.39599609375,930,243,989,280,749.3362426757812,-20.4332332611084,True,True,True
weast,314,308,2,0.455078125,1,247,230,367,75.33985900878906,50.524906158447266,True,True,True
weast,314,271,2,0.6875,725,244,770,284,579.7301025390625,-18.55320930480957,True,True,True
weast,314,257,7,0.46875,250,245,400,367,234.09970092773438,58.19997024536133,True,True,True
weast,314,337,7,0.39599609375,0,247,232,365,76.10047912597656,50.524906158447266,True,True,False
weast,314,293,3,0.390380859375,681,257,699,290,532.5967407226562,-12.940312385559082,True,True,True
weast,315,240,3,0.5908203125,807,306,948,437,630.0288696289062,111.35881042480469,True,True,True
weast,315,256,2,0.325927734375,603,245,623,259,479.3294982910156,-41.41794967651367,True,True,True
weast,315,263,2,0.49609375,552,248,581,287,434.01336669921875,-12.008770942687988,True,True,True
weast,315,267,2,0.31396484375,930,242,993,279,751.3563232421875,-21.374954223632812,True,True,True
weast,315,308,2,0.302490234375,1,248,233,369,76.40821075439453,73.31438446044922,True,True,True
weast,315,271,2,0.66552734375,727,244,772,283,581.3221435546875,-18.55320930480957,True,True,True
weast,315,257,7,0.42431640625,251,246,402,368,234.74871826171875,59.047855377197266,True,True,True
weast,315,337,7,0.271240234375,1,249,239,366,79.12462615966797,51.38162612915039,True,True,True
weast,315,293,3,0.282958984375,684,260,702,290,534.6826782226562,-12.008770942687988,True,True,True
weast,316,240,3,0.5947265625,815,289,961,442,636.746826171875,114.50536346435547,True,True,True
weast,316,256,2,0.275146484375,605,245,624,259,480.13726806640625,-41.41794967651367,True,True,True
weast,316,263,2,0.541015625,554,248,583,287,435.5987243652344,-12.008770942687988,True,True,True
weast,316,267,2,0.43017578125,931,241,995,279,753.3787841796875,-22.31781578063965,True,True,True
weast,316,308,2,0.441650390625,1,249,236,373,77.08953857421875,76.63121032714844,True,True,True
weast,316,271,2,0.6494140625,729,244,773,283,582.9142456054688,-18.55320930480957,True,True,True
weast,316,257,2,0.458984375,254,247,404,369,236.90863037109375,59.894771575927734,True,True,True
weast,316,337,7,0.329345703125,0,250,240,367,78.70851135253906,70.81684112548828,True,True,True
weast,316,293,3,0.373779296875,686,262,704,290,536.2680053710938,-12.008770942687988,True,True,True
weast,317,240,3,0.5927734375,817,282,965,445,638.603515625,115.28983306884766,True,True,True
weast,317,256,2,0.275146484375,604,244,624,259,480.13726806640625,-41.41794967651367,True,True,True
weast,317,263,2,0.541015625,554,249,583,287,435.5987243652344,-12.008770942687988,True,True,True
weast,317,267,2,0.42822265625,931,241,995,279,753.3787841796875,-22.31781578063965,True,True,True
weast,317,308,2,0.441650390625,0,248,237,374,77.07268524169922,77.45806121826172,True,True,True
weast,317,271,2,0.6494140625,728,244,773,283,582.1181640625,-18.55320930480957,True,True,True
weast,317,257,2,0.458984375,254,247,404,369,236.90863037109375,59.894771575927734,True,True,True
weast,317,337,7,0.3310546875,0,250,240,367,78.70851135253906,70.81684112548828,True,True,True
weast,317,293,3,0.375732421875,686,263,704,291,536.2680053710938,-12.008770942687988,True,True,True
weast,317,339,7,0.37939453125,255,248,405,369,237.66444396972656,59.894771575927734,True,True,False
weast,318,240,3,0.484375,824,304,977,450,642.8477783203125,120.75691986083984,True,True,True
weast,318,256,2,0.32080078125,607,246,626,260,481.75274658203125,-41.41794967651367,True,True,True
weast,318,263,2,0.552734375,555,249,585,287,437.1840515136719,-12.008770942687988,True,True,True
weast,318,267,2,0.47265625,933,242,995,279,754.1767578125,-22.31781578063965,True,True,True
weast,318,308,2,0.449462890625,0,251,240,379,78.46051788330078,82.39956665039062,True,True,True
weast,318,271,2,0.68603515625,730,244,776,284,584.5062866210938,-18.55320930480957,True,True,True
weast,318,257,7,0.445556640625,257,248,406,370,238.3106689453125,60.7407112121582,True,True,True
weast,318,337,7,0.403564453125,0,251,244,375,80.04141998291016,78.28398132324219,True,True,True
weast,318,293,3,0.447509765625,689,263,707,291,538.3504638671875,-11.078351020812988,True,True,True
weast,318,339,2,0.447509765625,256,248,405,370,237.55528259277344,60.7407112121582,True,True,True
weast,319,240,3,0.69580078125,831,276,992,456,649.4933471679688,123.86210632324219,False,True,True
weast,319,256,2,0.31396484375,610,246,628,260,483.908203125,-40.45181655883789,True,True,True
weast,319,263,2,0.51953125,560,250,588,288,440.1183166503906,-11.078351020812988,True,True,True
weast,319,267,2,0.38671875,937,241,997,278,756.5706176757812,-22.31781578063965,True,True,True
weast,319,308,2,0.52734375,1,253,242,380,79.18682098388672,83.21989440917969,True,True,True
weast,319,271,2,0.79052734375,733,245,779,284,586.5684204101562,-17.614900588989258,True,True,True
weast,319,337,7,0.320068359375,1,253,243,376,80.02291870117188,79.10896301269531,True,True,True
weast,319,293,3,0.509765625,693,260,711,292,541.22216796875,-10.149049758911133,True,True,True
weast,319,340,2,0.5234375,820,244,868,280,656.2085571289062,-16.677724838256836,True,True,False
weast,320,240,3,0.5888671875,847,281,1023,467,663.46337890625,131.5657196044922,False,True,True
weast,320,256,2,0.276611328125,617,246,635,261,489.5589599609375,-40.45181655883789,True,True,True
weast,320,263,2,0.498046875,565,250,595,288,445.11077880859375,-12.008770942687988,True,True,True
weast,320,267,2,0.302490234375,945,240,1011,278,765.783447265625,-23.26181983947754,True,True,True
weast,320,308,7,0.2666015625,11,255,254,381,87.36933135986328,83.21989440917969,True,True,True
weast,320,271,2,0.80078125,740,245,786,284,592.13720703125,-17.614900588989258,True,True,True
weast,320,337,2,0.363037109375,13,256,252,377,87.45992279052734,79.93301391601562,True,True,True
weast,320,293,3,0.39794921875,700,256,720,293,547.25537109375,-9.220865249633789,True,True,True
weast,320,340,2,0.43408203125,827,243,873,282,661.349609375,-17.614900588989258,True,True,True
weast,320,257,2,0.435791015625,269,251,415,372,246.39158630371094,62.429691314697266,True,True,True
weast,321,240,3,0.55810546875,855,303,1044,477,669.4541625976562,140.69970703125,False,True,True
weast,321,256,2,0.287841796875,617,245,635,261,489.5589599609375,-40.45181655883789,True,True,True
weast,321,263,2,0.441650390625,562,250,597,288,444.318115234375,-12.008770942687988,True,True,True
weast,321,267,2,0.418701171875,946,240,1012,279,766.1460571289062,-22.31781578063965,True,True,True
weast,321,308,2,0.36669921875,14,256,255,382,88.85706329345703,83.21989440917969,True,True,True
weast,321,271,2,0.74169921875,742,245,787,284,592.9327392578125,-17.614900588989258,True,True,True
weast,321,337,7,0.2337646484375,13,256,255,384,88.85706329345703,83.21989440917969,True,True,True
weast,321,293,3,0.5,702,258,722,293,548.8378295898438,-9.220865249633789,True,True,True
weast,321,340,2,0.4091796875,828,243,874,284,662.1451416015625,-17.614900588989258,True,True,True
weast,321,257,2,0.55078125,270,251,417,373,247.14610290527344,62.429691314697266,True,True,True
weast,322,240,3,0.64404296875,864,310,1065,486,677.7762451171875,145.97315979003906,False,True,True
weast,322,256,2,0.172119140625,618,245,637,260,490.3662109375,-40.45181655883789,True,True,True
weast,322,263,2,0.36474609375,563,249,599,287,446.14349365234375,-12.940312385559082,True,True,True
weast,322,308,2,0.43017578125,18,257,256,374,91.2871322631836,76.63121032714844,True,True,True
weast,322,271,2,0.60595703125,743,244,789,283,594.8546142578125,-18.55320930480957,True,True,True
weast,322,337,7,0.1666259765625,20,256,256,373,92.05973052978516,75.80341339111328,True,True,True
weast,322,293,3,0.470703125,704,261,723,293,549.6290893554688,-9.220865249633789,True,True,True
weast,322,340,2,0.357666015625,830,242,876,283,664.1088256835938,-18.55320930480957,True,True,True
weast,322,257,2,0.5078125,272,251,418,373,248.5398712158203,63.272727966308594,True,True,True
weast,323,240,3,0.63525390625,867,312,1072,489,680.6502075195312,147.47254943847656,False,True,True
weast,323,256,2,0.172119140625,618,246,637,260,490.3662109375,-40.45181655883789,True,True,True
weast,323,263,2,0.36474609375,562,249,598,287,445.350341796875,-12.940312385559082,True,True,True
weast,323,308,7,0.1639404296875,21,256,255,369,92.65106964111328,56.50126647949219,True,True,True
weast,323,271,2,0.60205078125,743,244,788,283,594.05859375,-18.55320930480957,True,True,True
weast,323,337,2,0.43212890625,19,256,255,371,91.36202239990234,74.14500427246094,True,True,True
weast,323,293,3,0.470703125,704,262,723,293,549.6290893554688,-9.220865249633789,True,True,True
weast,323,340,2,0.357666015625,830,242,876,283,664.1088256835938,-18.55320930480957,True,True,True
weast,323,257,2,0.5078125,272,251,418,373,248.5398712158203,63.272727966308594,True,True,True
weast,324,240,3,0.7373046875,873,308,1088,497,686.0567626953125,152.69496154785156,False,True,True
weast,324,256,2,0.1981201171875,618,246,639,260,491.4456787109375,-41.41794967651367,True,True,True
weast,324,263,2,0.455078125,560,250,600,287,445.350341796875,-12.940312385559082,True,True,True
weast,324,271,2,0.6494140625,744,243,790,283,597.3128051757812,-23.26181983947754,True,True,True
weast,324,293,3,0.513671875,706,257,725,293,551.2115478515625,-9.220865249633789,True,True,True
weast,324,340,7,0.18359375,831,242,882,282,666.8713989257812,-19.492652893066406,True,True,True
weast,324,257,2,0.53515625,273,251,418,374,248.5398712158203,63.272727966308594,True,True,True
weast,325,240,3,0.5888671875,881,294,1107,508,692.847900390625,159.3520050048828,False,True,True
weast,325,256,2,0.20556640625,618,246,638,260,491.1734619140625,-40.45181655883789,True,True,True
weast,325,263,2,0.39794921875,559,250,600,287,444.55718994140625,-12.940312385559082,True,True,True
weast,325,271,2,0.611328125,744,243,790,283,597.3128051757812,-23.26181983947754,True,True,True
weast,325,293,3,0.416748046875,706,253,727,293,552.0028076171875,-9.220865249633789,True,True,True
weast,325,340,7,0.226806640625,831,241,883,282,667.6679077148438,-19.492652893066406,True,True,True
weast,325,257,2,0.5078125,273,252,419,374,249.1783905029297,64.11479949951172,True,True,True
weast,325,308,2,0.26123046875,11,257,258,381,88.85706329345703,83.21989440917969,True,True,True
weast,326,240,3,0.64404296875,890,305,1129,519,699.927734375,166.6739044189453,False,True,True
weast,326,256,2,0.34326171875,619,246,639,260,491.9806823730469,-40.45181655883789,True,True,True
weast,326,263,2,0.537109375,559,251,601,288,445.11077880859375,-12.008770942687988,True,True,True
weast,326,271,2,0.69091796875,745,243,791,283,596.4466552734375,-18.55320930480957,True,True,True
weast,326,293,3,0.49609375,708,254,728,294,553.2813110351562,-8.293794631958008,True,True,True
weast,326,340,7,0.2393798828125,831,241,884,282,667.29296875,-18.55320930480957,True,True,True
weast,326,257,2,0.5888671875,274,252,418,375,249.1783905029297,64.11479949951172,True,True,True
weast,326,308,2,0.187744140625,11,259,259,389,89.57708740234375,84.03929901123047,True,True,True
weast,327,240,3,0.352294921875,902,290,1155,497,713.6031494140625,165.94522094726562,False,True,True
weast,327,256,2,0.2958984375,618,249,640,263,491.4362487792969,-38.52310562133789,True,True,True
weast,327,263,2,0.60205078125,558,254,602,290,444.393798828125,-9.220865249633789,True,True,True
weast,327,271,2,0.6943359375,745,245,792,285,595.7836303710938,-16.677724838256836,True,True,True
weast,327,293,3,0.30908203125,709,259,730,297,553.4642333984375,-6.442991256713867,True,True,True
weast,327,340,2,0.43408203125,831,243,880,283,665.3273315429688,-17.614900588989258,True,True,True
weast,327,257,2,0.405517578125,274,257,418,379,248.6025390625,68.31074523925781,True,True,True
weast,327,308,2,0.359375,4,264,264,401,88.62401580810547,91.37248992919922,True,True,True
weast,328,240,3,0.33447265625,908,309,1166,486,719.9163818359375,165.94522094726562,False,True,True
weast,328,256,2,0.30078125,617,248,640,263,490.6300048828125,-38.52310562133789,True,True,True
weast,328,263,2,0.607421875,558,253,602,290,444.393798828125,-9.220865249633789,True,True,True
weast,328,271,2,0.6943359375,744,245,792,285,595.7836303710938,-16.677724838256836,True,True,True
weast,328,293,3,0.30908203125,710,261,731,298,553.9502563476562,-5.519253730773926,True,True,True
weast,328,340,2,0.441650390625,831,243,878,283,664.5317993164062,-17.614900588989258,True,True,True
weast,328,257,2,0.38671875,274,257,418,380,248.6025390625,68.31074523925781,True,True,True
weast,328,308,2,0.34326171875,1,264,266,404,87.8388671875,92.99202728271484,True,True,True
weast,328,345,3,0.3486328125,912,265,1278,707,688.5359497070312,304.2349853515625,False,True,False
weast,329,240,3,0.21533203125,919,279,1186,481,735.5707397460938,155.66159057617188,False,True,True
weast,329,256,2,0.39599609375,621,250,642,266,492.2316589355469,-35.63888168334961,True,True,True
weast,329,263,2,0.39794921875,562,257,605,293,446.28814697265625,-7.367837905883789,True,True,True
weast,329,271,2,0.74755859375,748,248,795,288,597.5045166015625,-14.806764602661133,True,True,True
weast,329,293,3,0.458984375,713,265,734,300,555.7088623046875,-3.6750965118408203,True,True,True
weast,329,340,2,0.357666015625,833,246,881,286,665.797607421875,-14.806764602661133,True,True,True
weast,329,257,2,0.39599609375,278,260,421,382,250.50927734375,70.81684112548828,True,True,True
weast,329,308,2,0.3701171875,2,266,267,405,88.57772064208984,92.99202728271484,True,True,True
weast,329,345,3,0.441650390625,925,332,1273,710,690.4424438476562,305.4122314453125,False,True,True
weast,330,256,2,0.458984375,623,252,643,267,493.2961730957031,-33.72193145751953,True,True,True
weast,330,263,2,0.248046875,564,258,608,295,447.9378356933594,-4.596622943878174,True,True,True
weast,330,271,2,0.62255859375,750,250,798,289,600.88818359375,-17.614900588989258,True,True,True
weast,330,340,2,0.451416015625,835,247,883,288,667.0121459960938,-13.872976303100586,True,True,True
weast,330,257,2,0.390380859375,278,263,423,384,250.91160583496094,73.31438446044922,True,True,True
weast,330,308,2,0.2274169921875,3,269,275,410,92.17144775390625,96.22022247314453,True,True,True
weast,330,345,3,0.23095703125,911,419,1277,713,687.29248046875,305.4122314453125,False,True,True
weast,330,267,2,0.361083984375,953,242,1009,270,769.9312133789062,-27.049314498901367,True,True,True
weast,331,256,2,0.275146484375,626,255,644,270,494.0857238769531,-30.855270385742188,True,True,True
weast,331,263,2,0.56005859375,566,261,609,298,448.24639892578125,-2.7546732425689697,True,True,True
weast,331,271,2,0.67724609375,752,253,799,292,599.017578125,-10.149049758911133,True,True,True
weast,331,340,2,0.45703125,837,250,884,291,666.68603515625,-11.078351020812988,True,True,True
weast,331,257,2,0.43017578125,281,266,425,387,252.92462158203125,74.97467803955078,True,True,True
weast,331,308,2,0.26220703125,4,273,272,408,91.40959167480469,97.02501678466797,True,True,True
weast,331,345,3,0.56787109375,891,281,1277,710,680.9926147460938,305.4122314453125,False,True,True
weast,331,267,2,0.32080078125,955,245,1009,273,771.1715087890625,-27.999067306518555,True,True,True
weast,331,274,2,0.329345703125,0,282,134,393,39.065025329589844,91.37248992919922,True,True,True
weast,332,256,2,0.26123046875,626,257,647,273,494.0715637207031,-27.999067306518555,True,True,True
weast,332,263,2,0.1015625,567,264,609,301,448.0752868652344,0.9160319566726685,True,True,True
weast,332,271,2,0.6806640625,752,257,800,296,600.1416625976562,-11.078351020812988,True,True,True
weast,332,340,2,0.325927734375,837,254,885,294,665.9896240234375,-7.367837905883789,True,True,True
weast,332,257,2,0.332763671875,282,269,425,390,252.57489013671875,77.45806121826172,True,True,True
weast,332,308,2,0.383056640625,3,274,278,416,92.78153228759766,100.23519897460938,True,True,True
weast,332,345,3,0.24365234375,872,250,1277,713,690.0663452148438,275.2890319824219,False,True,True
weast,332,267,2,0.361083984375,953,249,1012,278,769.4150390625,-24.20697021484375,True,True,True
weast,332,274,2,0.2069091796875,0,284,140,412,41.32482147216797,101.03550720214844,True,True,True
weast,333,256,2,0.368408203125,623,261,643,276,491.1291809082031,-26.10071563720703,True,True,True
weast,333,263,2,0.216064453125,565,267,608,303,445.7897033691406,3.6575779914855957,True,True,True
weast,333,271,2,0.615234375,751,260,798,299,595.9172973632812,-3.6750965118408203,True,True,True
weast,333,340,7,0.34326171875,835,257,883,298,663.300048828125,-4.596622943878174,True,True,True
weast,333,257,7,0.33642578125,280,272,423,393,250.73524475097656,79.93301391601562,True,True,True
weast,333,308,2,0.2401123046875,2,277,278,419,92.68035125732422,103.43107604980469,True,True,True
weast,333,345,7,0.71875,854,234,1277,715,697.3184814453125,249.46371459960938,False,True,True
weast,333,267,2,0.439697265625,951,252,1018,294,763.62548828125,-8.293794631958008,True,True,True
weast,333,274,2,0.247314453125,0,287,152,404,45.73322296142578,101.03550720214844,True,True,True
weast,333,293,3,0.312255859375,721,279,741,313,557.7382202148438,9.111371040344238,True,True,True
weast,334,256,2,0.299072265625,625,262,645,278,491.91888427734375,-23.26181983947754,True,True,True
weast,334,263,2,0.2861328125,571,268,610,304,448.68914794921875,4.569250106811523,True,True,True
weast,334,271,2,0.6875,752,262,800,300,597.1649169921875,-2.7546732425689697,True,True,True
weast,334,340,2,0.439697265625,836,258,885,298,663.7197265625,-3.6750965118408203,True,True,True
weast,334,257,2,0.25830078125,280,274,424,395,251.24993896484375,81.57831573486328,True,True,True
weast,334,308,2,0.1710205078125,17,280,282,422,99.25300598144531,104.22782135009766,True,True,True
weast,334,345,7,0.640625,842,228,1279,712,668.2492065429688,300.6897277832031,False,True,True
weast,334,267,2,0.352294921875,950,253,1023,290,769.9802856445312,-18.55320930480957,True,True,True
weast,334,274,2,0.169921875,0,289,155,406,46.46895980834961,102.6334457397461,True,True,True
weast,335,256,2,0.3701171875,623,261,642,277,490.32928466796875,-26.10071563720703,True,True,True
weast,335,263,2,0.302490234375,565,266,608,303,445.7897033691406,3.6575779914855957,True,True,True
weast,335,271,2,0.62255859375,750,261,798,299,595.9172973632812,-3.6750965118408203,True,True,True
weast,335,340,2,0.36474609375,835,257,882,297,662.51123046875,-4.596622943878174,True,True,True
weast,335,257,7,0.332763671875,274,272,421,394,247.63966369628906,80.7561264038086,True,True,True
weast,335,308,2,0.478515625,4,278,284,422,95.64126586914062,102.6334457397461,True,True,True
weast,335,345,7,0.69287109375,821,232,1278,710,658.943115234375,305.4122314453125,False,True,True
weast,335,274,2,0.182373046875,0,287,148,410,44.268943786621094,103.43107604980469,True,True,True
weast,336,256,2,0.368408203125,623,261,641,277,490.32928466796875,-26.10071563720703,True,True,True
weast,336,263,2,0.30078125,565,266,608,302,445.7897033691406,3.6575779914855957,True,True,True
weast,336,271,2,0.62255859375,750,261,798,299,595.9172973632812,-3.6750965118408203,True,True,True
weast,336,340,2,0.363037109375,835,257,882,297,662.51123046875,-4.596622943878174,True,True,True
weast,336,257,7,0.332763671875,273,272,421,394,247.63966369628906,80.7561264038086,True,True,True
weast,336,308,2,0.482421875,1,278,286,422,94.88086700439453,103.43107604980469,True,True,True
weast,336,345,7,0.69775390625,815,235,1278,710,657.0531616210938,305.4122314453125,False,True,True
weast,336,274,2,0.187744140625,0,287,147,412,43.535438537597656,103.43107604980469,True,True,True
weast,336,355,2,0.418701171875,946,252,1002,274,763.89306640625,-26.10071563720703,True,True,False
weast,336,356,2,0.4130859375,710,251,754,282,566.84765625,-15.741680145263672,True,True,False
weast,336,357,2,0.307373046875,272,272,421,394,246.89453125,80.7561264038086,True,True,False
weast,337,256,2,0.5390625,621,260,639,276,488.7294921875,-26.10071563720703,True,True,True
weast,337,263,2,0.26904296875,562,266,605,301,443.6719055175781,2.744819164276123,True,True,True
weast,337,271,2,0.43017578125,747,260,795,300,593.5520629882812,-3.6750965118408203,True,True,True
weast,337,340,7,0.338134765625,831,257,882,297,660.9334716796875,-4.596622943878174,True,True,True
weast,337,257,2,0.220703125,266,270,417,392,243.27975463867188,79.93301391601562,True,True,True
weast,337,308,7,0.33447265625,0,275,283,420,93.4652099609375,101.83492279052734,True,True,True
weast,337,345,7,0.56787109375,803,237,1277,709,653.2732543945312,305.4122314453125,False,True,True
weast,337,274,2,0.22607421875,0,284,139,414,40.59386444091797,101.83492279052734,True,True,True
weast,337,356,2,0.1015625,708,251,752,282,565.2584838867188,-15.741680145263672,True,True,True
weast,337,357,7,0.31396484375,267,270,418,392,244.13670349121094,79.10896301269531,True,True,True
weast,338,256,2,0.441650390625,619,260,639,276,488.1973876953125,-27.049314498901367,True,True,True
weast,338,263,2,0.310791015625,561,266,604,302,442.8868103027344,2.744819164276123,True,True,True
weast,338,271,2,0.43017578125,746,261,794,301,592.4373168945312,-2.7546732425689697,True,True,True
weast,338,340,2,0.445556640625,829,259,883,299,659.4667358398438,-0.9171268939971924,True,True,True
weast,338,257,7,0.294189453125,265,269,416,390,242.7554473876953,78.28398132324219,True,True,True
weast,338,308,7,0.28466796875,0,272,283,416,93.5424575805664,99.43399810791016,True,True,True
weast,338,345,7,0.54296875,795,240,1277,678,654.5294189453125,297.7196960449219,False,True,True
weast,338,274,2,0.1199951171875,0,280,136,407,39.84275436401367,98.63190460205078,True,True,True
weast,338,356,2,0.2379150390625,708,252,750,281,565.7149658203125,-19.492652893066406,True,True,True
weast,338,357,2,0.30078125,266,269,416,390,243.61306762695312,77.45806121826172,True,True,True
weast,338,360,7,0.3173828125,11,0,479,315,174.07431030273438,52.237361907958984,True,True,False
weast,339,256,2,0.43017578125,620,261,640,278,488.1939697265625,-24.20697021484375,True,True,True
weast,339,263,2,0.2108154296875,562,267,606,303,444.2204284667969,3.6575779914855957,True,True,True
weast,339,271,2,0.642578125,747,264,794,304,591.460693359375,4.6590169737589435e-14,True,True,True
weast,339,340,2,0.60009765625,829,263,880,301,657.1638793945312,0.9160319566726685,True,True,True
weast,339,257,7,0.267333984375,265,269,416,390,242.8662567138672,77.45806121826172,True,True,True
weast,339,308,7,0.285400390625,2,270,284,414,95.09353637695312,97.02501678466797,True,True,True
weast,339,345,7,0.474609375,788,245,1278,664,661.7969970703125,278.9815368652344,False,True,True
weast,339,274,2,0.152587890625,3,278,136,404,40.57492446899414,97.82891082763672,True,True,True
weast,339,356,2,0.262939453125,709,254,752,282,565.5711669921875,-16.677724838256836,True,True,True
weast,339,357,2,0.4072265625,266,269,416,389,243.72442626953125,76.63121032714844,True,True,True
weast,339,360,7,0.1470947265625,11,0,480,314,174.14744567871094,51.38162612915039,True,True,True
weast,339,362,2,0.35400390625,659,262,675,282,516.33154296875,-19.492652893066406,True,True,False
weast,340,256,2,0.319091796875,622,263,640,279,488.7251281738281,-23.26181983947754,True,True,True
weast,340,263,2,0.1329345703125,567,269,606,303,445.5524597167969,4.569250106811523,True,True,True
weast,340,271,2,0.57763671875,747,266,794,305,590.8115234375,1.8309710025787354,True,True,True
weast,340,257,2,0.10052490234375,266,270,415,389,242.97718811035156,76.63121032714844,True,True,True
weast,340,308,7,0.2274169921875,1,269,283,411,94.40939331054688,95.41453552246094,True,True,True
weast,340,345,7,0.275146484375,780,252,1278,643,667.404052734375,262.19244384765625,False,True,True
weast,340,357,7,0.322509765625,266,270,416,389,243.72442626953125,76.63121032714844,True,True,True
weast,340,360,7,0.1727294921875,9,0,480,319,173.0245819091797,55.65045166015625,True,True,True
weast,340,362,2,0.315673828125,659,263,675,283,516.0480346679688,-18.55320930480957,True,True,True
weast,341,256,2,0.346923828125,621,265,640,281,487.39306640625,-21.374954223632812,True,True,True
weast,341,271,2,0.48828125,747,269,794,308,591.460693359375,4.6590169737589435e-14,True,True,True
weast,341,257,2,0.33447265625,265,270,414,390,242.1194305419922,77.45806121826172,True,True,True
weast,341,308,2,0.19677734375,1,270,281,410,93.69772338867188,94.6079330444336,True,True,True
weast,341,362,2,0.32421875,659,266,675,286,515.1996459960938,-15.741680145263672,True,True,True
weast,342,256,2,0.437744140625,624,267,641,283,488.1871337890625,-18.55320930480957,True,True,True
weast,342,271,2,0.552734375,748,271,795,310,591.5971069335938,1.8309710025787354,True,True,True
weast,342,257,2,0.29248046875,267,271,415,391,243.39073181152344,79.10896301269531,True,True,True
weast,342,308,2,0.1470947265625,1,271,281,410,93.69772338867188,94.6079330444336,True,True,True
weast,342,362,2,0.414794921875,659,268,675,287,514.9175415039062,-14.806764602661133,True,True,True
weast,342,356,2,0.319091796875,709,260,753,291,564.1820068359375,-10.149049758911133,True,True,True
weast,343,256,2,0.403564453125,625,266,642,282,489.25030517578125,-19.492652893066406,True,True,True
weast,343,271,2,0.48828125,749,270,796,309,592.3826904296875,1.8309710025787354,True,True,True
weast,343,257,2,0.437744140625,268,271,416,392,244.13670349121094,79.10896301269531,True,True,True
weast,343,308,2,0.1949462890625,2,272,281,410,93.6717758178711,95.41453552246094,True,True,True
weast,343,362,2,0.38671875,660,267,676,287,515.7116088867188,-14.806764602661133,True,True,True
weast,343,368,2,0.361083984375,674,267,702,290,531.0104370117188,-12.940312385559082,True,True,False
weast,343,356,2,0.363037109375,710,260,752,291,564.492919921875,-11.078351020812988,True,True,True
weast,344,256,2,0.33984375,623,267,640,283,487.65728759765625,-19.492652893066406,True,True,True
weast,344,271,2,0.445556640625,747,270,795,309,591.5971069335938,1.8309710025787354,True,True,True
weast,344,257,2,0.4765625,266,273,414,394,242.53421020507812,79.93301391601562,True,True,True
weast,344,308,2,0.361083984375,0,273,278,410,92.17144775390625,96.22022247314453,True,True,True
weast,344,362,2,0.352294921875,658,267,674,287,514.1234130859375,-14.806764602661133,True,True,True
weast,344,368,2,0.302490234375,674,267,703,291,531.0104370117188,-12.940312385559082,True,True,True
weast,344,356,2,0.299072265625,709,260,751,291,563.3902587890625,-10.149049758911133,True,True,True
weast,345,256,2,0.25244140625,625,267,642,283,488.9831848144531,-18.55320930480957,True,True,True
weast,345,271,2,0.37939453125,748,270,795,309,591.5971069335938,1.8309710025787354,True,True,True
weast,345,257,2,0.51953125,268,273,416,394,244.02529907226562,79.93301391601562,True,True,True
weast,345,308,2,0.333740234375,1,273,279,409,92.93415832519531,95.41453552246094,True,True,True
weast,345,362,2,0.319091796875,659,268,675,287,515.1996459960938,-15.741680145263672,True,True,True
weast,345,368,2,0.33447265625,676,268,703,292,531.511962890625,-12.008770942687988,True,True,True
weast,345,356,2,0.267333984375,708,260,753,292,563.3902587890625,-10.149049758911133,True,True,True
weast,345,372,2,0.437744140625,729,270,796,330,574.464599609375,30.543432235717773,True,True,False
weast,345,345,7,0.326904296875,756,37,1275,596,657.06640625,264.7080078125,False,True,True
weast,346,256,2,0.1871337890625,625,266,641,282,489.5177307128906,-20.4332332611084,True,True,True
weast,346,271,2,0.1268310546875,747,269,792,306,590.6741333007812,4.6590169737589435e-14,True,True,True
weast,346,257,2,0.401611328125,268,272,415,393,243.39073181152344,79.10896301269531,True,True,True
weast,346,308,2,0.271240234375,1,273,278,409,92.19654846191406,95.41453552246094,True,True,True
weast,346,362,2,0.20947265625,660,266,676,286,515.9942016601562,-15.741680145263672,True,True,True
weast,346,368,2,0.1500244140625,679,266,702,290,532.88916015625,-13.872976303100586,True,True,True
weast,346,356,2,0.2568359375,708,259,753,290,564.3226928710938,-12.940312385559082,True,True,True
weast,346,372,2,0.57568359375,730,268,792,328,574.6196899414062,27.897417068481445,True,True,True
weast,346,345,7,0.12042236328125,758,14,1272,609,643.5127563476562,292.93780517578125,False,True,True
weast,347,256,2,0.2421875,624,265,640,281,488.9880065917969,-21.374954223632812,True,True,True
weast,347,271,2,0.346923828125,736,267,784,305,584.23681640625,-1.8353506326675415,True,True,True
weast,347,257,2,0.3056640625,266,271,414,392,242.7554473876953,78.28398132324219,True,True,True
weast,347,308,2,0.248046875,0,272,276,409,91.45893096923828,95.41453552246094,True,True,True
weast,347,362,2,0.25244140625,658,264,674,285,514.68701171875,-16.677724838256836,True,True,True
weast,347,368,2,0.12127685546875,681,265,701,289,534.2696533203125,-15.741680145263672,True,True,True
weast,347,356,2,0.307373046875,706,257,752,289,563.8406372070312,-13.872976303100586,True,True,True
weast,347,372,2,0.42626953125,730,267,785,327,572.45458984375,25.24207305908203,True,True,True
weast,347,345,7,0.445556640625,772,3,1275,432,713.64501953125,158.61550903320312,False,True,True
weast,347,374,7,0.541015625,754,264,1145,668,595.9444580078125,305.4122314453125,False,True,False
weast,348,256,2,0.2337646484375,625,262,641,278,490.5907287597656,-24.20697021484375,True,True,True
weast,348,271,2,0.1744384765625,734,265,784,301,584.0912475585938,-3.6750965118408203,True,True,True
weast,348,257,2,0.181884765625,267,268,414,390,242.97718811035156,76.63121032714844,True,True,True
weast,348,308,7,0.32763671875,0,268,367,406,125.04317474365234,88.12246704101562,True,True,True
weast,348,362,2,0.24072265625,659,262,675,283,516.0480346679688,-18.55320930480957,True,True,True
weast,348,368,2,0.1865234375,675,262,701,286,532.4713745117188,-17.614900588989258,True,True,True
weast,348,356,2,0.447509765625,706,255,753,287,564.776123046875,-16.677724838256836,True,True,True
weast,348,372,2,0.401611328125,732,265,787,326,574.311279296875,24.35487937927246,True,True,True
weast,348,345,7,0.247314453125,777,0,1277,346,753.9266357421875,81.57831573486328,True,True,True
weast,348,374,7,0.544921875,752,261,1114,645,593.7058715820312,287.5137634277344,False,True,True
weast,348,376,2,0.35400390625,753,263,1113,644,593.176025390625,288.72320556640625,False,True,False
weast,348,274,2,0.2783203125,0,275,157,405,47.20176315307617,92.99202728271484,True,True,True
weast,349,257,2,0.51171875,265,264,412,387,241.813720703125,74.14500427246094,True,True,True
weast,349,368,2,0.118408203125,670,260,699,283,529.8721313476562,-19.492652893066406,True,True,True
weast,349,356,2,0.275146484375,705,253,751,285,564.6056518554688,-18.55320930480957,True,True,True
weast,349,372,2,0.486328125,731,263,787,325,574.9314575195312,22.577354431152344,True,True,True
weast,349,345,7,0.2330322265625,768,0,1277,318,763.1565551757812,54.79865264892578,True,True,True
weast,349,374,2,0.36669921875,748,262,1081,616,590.7935180664062,265.9620361328125,False,True,True
weast,349,376,7,0.26513671875,746,262,1083,619,590.7935180664062,265.9620361328125,False,True,True
weast,349,274,2,0.20556640625,0,271,152,401,45.721275329589844,90.56135559082031,True,True,True
weast,349,263,2,0.25390625,567,264,606,298,446.7415771484375,0.0,True,True,True
weast,350,257,2,0.290283203125,259,262,410,385,239.0375518798828,72.4828109741211,True,True,True
weast,350,368,2,0.12213134765625,666,259,696,282,527.773193359375,-20.4332332611084,True,True,True
weast,350,356,2,0.332763671875,699,251,747,284,560.9359741210938,-19.492652893066406,True,True,True
weast,350,372,2,0.451416015625,729,262,782,325,572.1405029296875,21.687023162841797,True,True,True
weast,350,374,7,0.60595703125,742,262,1046,595,584.1504516601562,250.74803161621094,False,True,True
weast,350,274,2,0.171630859375,0,270,144,391,42.750484466552734,87.30767059326172,True,True,True
weast,350,263,2,0.1566162109375,561,262,602,297,443.0453186035156,-0.9171268939971924,True,True,True
weast,350,360,7,0.271240234375,5,2,473,383,166.82791137695312,84.85777282714844,True,True,True
weast,350,308,2,0.3056640625,0,263,293,400,97.69815063476562,85.67533111572266,True,True,True
weast,351,257,2,0.282958984375,253,260,402,383,233.89813232421875,71.65029907226562,True,True,True
weast,351,356,2,0.57958984375,694,250,742,283,557.2618408203125,-20.4332332611084,True,True,True
weast,351,372,2,0.484375,726,261,773,325,567.7945556640625,20.795642852783203,True,True,True
weast,351,374,7,0.62451171875,735,263,1018,575,578.1411743164062,236.4777374267578,False,True,True
weast,351,274,2,0.12548828125,0,268,155,396,46.458309173583984,85.67533111572266,True,True,True
weast,351,263,2,0.162353515625,553,261,597,296,438.55718994140625,-1.8353506326675415,True,True,True
weast,351,360,7,0.1339111328125,2,1,470,384,164.7312774658203,83.21989440917969,True,True,True
weast,351,308,2,0.1495361328125,1,263,265,399,88.0213394165039,86.49195861816406,True,True,True
weast,352,257,2,0.33984375,240,257,393,381,225.8536376953125,69.98242950439453,True,True,True
weast,352,356,2,0.548828125,687,250,735,284,551.6829223632812,-20.4332332611084,True,True,True
weast,352,372,2,0.248046875,719,262,766,326,562.6671752929688,19.90321159362793,True,True,True
weast,352,374,7,0.67578125,724,264,982,563,565.7196655273438,229.22296142578125,False,True,True
weast,352,274,2,0.2379150390625,0,263,143,382,41.932159423828125,66.63524627685547,True,True,True
weast,352,360,7,0.11798095703125,3,0,460,383,161.20486450195312,80.7561264038086,True,True,True
weast,352,308,2,0.47265625,0,258,244,388,80.51106262207031,57.351104736328125,True,True,True
weast,353,257,2,0.190673828125,234,257,388,382,221.9014129638672,71.65029907226562,True,True,True
weast,353,356,2,0.474609375,683,252,734,285,548.9883422851562,-19.492652893066406,True,True,True
weast,353,374,7,0.7373046875,720,266,961,548,560.6732788085938,219.87149047851562,False,True,True
weast,353,274,2,0.2330322265625,0,262,136,379,39.67945861816406,67.47347259521484,True,True,True
weast,353,360,7,0.19189453125,12,1,456,381,163.44024658203125,80.7561264038086,True,True,True
weast,353,308,2,0.286865234375,0,258,236,384,77.46526336669922,58.19997024536133,True,True,True
weast,354,257,7,0.1943359375,233,261,389,385,221.702880859375,73.31438446044922,True,True,True
weast,354,356,2,0.361083984375,683,252,733,284,548.9883422851562,-19.492652893066406,True,True,True
weast,354,374,7,0.57763671875,718,266,947,532,560.0043334960938,207.64947509765625,False,True,True
weast,354,274,2,0.2371826171875,0,268,121,382,33.718536376953125,73.31438446044922,True,True,True
weast,354,360,7,0.3701171875,5,3,454,386,159.3976593017578,84.85777282714844,True,True,True
weast,354,308,2,0.2127685546875,1,264,227,397,73.87495422363281,88.93634033203125,True,True,True
weast,355,257,7,0.31494140625,227,262,382,388,216.0764923095703,76.63121032714844,True,True,True
weast,355,356,2,0.34326171875,679,250,728,283,545.6085205078125,-21.374954223632812,True,True,True
weast,355,374,7,0.662109375,713,263,929,519,556.202392578125,197.98521423339844,False,True,True
weast,355,274,2,0.267333984375,0,272,125,392,35.230228424072266,74.97467803955078,True,True,True
weast,355,360,7,0.357666015625,0,4,449,389,155.3778076171875,88.93634033203125,True,True,True
weast,355,308,2,0.1761474609375,0,267,224,403,72.3228759765625,92.99202728271484,True,True,True
weast,355,379,2,0.357666015625,714,262,936,523,558.410888671875,199.3744354248047,False,True,False
weast,356,257,7,0.449462890625,224,267,382,393,215.04380798339844,79.10896301269531,True,True,True
weast,356,356,2,0.368408203125,677,252,726,284,543.4127807617188,-19.492652893066406,True,True,True
weast,356,374,7,0.83349609375,710,264,911,511,551.2883911132812,190.9955291748047,False,True,True
weast,356,274,2,0.4111328125,0,279,115,401,31.54371452331543,79.93301391601562,True,True,True
weast,356,360,7,0.2744140625,1,4,448,396,155.13526916503906,92.18270874023438,True,True,True
weast,356,308,7,0.1263427734375,1,270,226,411,72.96121978759766,98.63190460205078,True,True,True
weast,357,257,7,0.50390625,221,268,377,395,211.87353515625,80.7561264038086,True,True,True
weast,357,356,2,0.420654296875,675,255,722,287,540.1290893554688,-16.677724838256836,True,True,True
weast,357,374,7,0.74755859375,707,266,894,504,546.4901733398438,185.35093688964844,False,True,True
weast,357,274,2,0.193115234375,0,279,109,398,29.317285537719727,80.7561264038086,True,True,True
weast,357,360,7,0.110107421875,0,3,447,397,154.3359375,92.99202728271484,True,True,True
weast,357,308,7,0.230224609375,1,269,327,406,111.57195281982422,74.14500427246094,True,True,True
weast,358,257,7,0.486328125,215,269,373,397,207.96615600585938,82.39956665039062,True,True,True
weast,358,356,7,0.303955078125,672,255,719,287,537.743896484375,-16.677724838256836,True,True,True
weast,358,374,7,0.77587890625,704,267,881,498,543.0404052734375,179.65870666503906,False,True,True
weast,358,274,2,0.153564453125,0,279,99,399,25.61626434326172,82.39956665039062,True,True,True
weast,358,360,7,0.1375732421875,3,2,442,355,153.83602905273438,89.74930572509766,True,True,True
weast,358,308,2,0.219970703125,1,271,259,403,86.23286437988281,69.98242950439453,True,True,True
weast,359,257,7,0.5390625,211,272,368,400,203.9791717529297,84.85777282714844,True,True,True
weast,359,356,2,0.32763671875,669,258,715,290,534.4764404296875,-13.872976303100586,True,True,True
weast,359,374,7,0.75927734375,701,269,868,490,539.0405883789062,175.35791015625,False,True,True
weast,359,274,2,0.2120361328125,0,283,98,412,25.640825271606445,84.03929901123047,True,True,True
weast,359,308,7,0.12213134765625,0,273,223,410,71.51628112792969,97.02501678466797,True,True,True
weast,360,257,7,0.418701171875,206,272,367,399,201.6630401611328,85.67533111572266,True,True,True
weast,360,356,5,0.139404296875,667,260,713,293,532.3046264648438,-12.008770942687988,True,True,True
weast,360,374,7,0.59619140625,698,272,858,484,536.4130249023438,171.0297393798828,False,True,True
weast,360,308,2,0.2166748046875,0,273,199,410,62.632102966308594,101.03550720214844,True,True,True
weast,361,257,7,0.59619140625,201,278,361,406,197.44223022460938,90.56135559082031,True,True,True
weast,361,356,2,0.161376953125,663,267,710,299,527.1124877929688,-5.519253730773926,True,True,True
weast,361,374,7,0.78271484375,693,278,841,480,530.5204467773438,165.94522094726562,False,True,True
weast,361,308,2,0.31494140625,0,279,197,412,61.85695266723633,105.023681640625,True,True,True
weast,362,257,7,0.5908203125,201,279,361,407,197.35792541503906,91.37248992919922,True,True,True
weast,362,356,2,0.158203125,664,267,712,299,528.691162109375,-5.519253730773926,True,True,True
weast,362,374,7,0.78662109375,693,278,839,477,530.0761108398438,165.2157745361328,False,True,True
weast,362,308,2,0.294189453125,1,279,197,411,62.598114013671875,104.22782135009766,True,True,True
weast,362,384,2,0.33642578125,893,278,955,318,705.5086669921875,16.32293701171875,True,True,False
weast,363,257,7,0.53515625,199,281,358,409,194.97303771972656,92.99202728271484,True,True,True
weast,363,356,7,0.106689453125,662,272,710,304,525.678955078125,-0.9171268939971924,True,True,True
weast,363,374,7,0.70751953125,691,283,830,477,526.3756713867188,163.7545166015625,False,True,True
weast,363,308,2,0.230224609375,1,280,194,422,61.09371566772461,108.19828033447266,True,True,True
weast,363,384,2,0.332763671875,888,283,949,322,698.9146728515625,20.795642852783203,True,True,True
weast,364,257,7,0.458984375,198,280,357,407,194.31663513183594,92.18270874023438,True,True,True
weast,364,356,7,0.10302734375,661,273,709,305,524.6067504882812,4.6590169737589435e-14,True,True,True
weast,364,374,7,0.70068359375,690,285,824,474,525.2879028320312,160.82264709472656,False,True,True
weast,364,308,7,0.332763671875,1,278,184,422,57.43281173706055,108.98973083496094,True,True,True
weast,364,384,2,0.359375,887,285,947,325,696.9906005859375,23.46664047241211,True,True,True
weast,365,257,2,0.4130859375,195,282,356,410,192.593505859375,94.6079330444336,True,True,True
weast,365,356,2,0.275146484375,660,277,706,309,521.9000244140625,3.6575779914855957,True,True,True
weast,365,374,2,0.5849609375,688,290,818,474,522.7257080078125,160.0877227783203,False,True,True
weast,365,308,2,0.187744140625,1,280,188,424,58.887733459472656,109.7802963256836,True,True,True
weast,365,384,2,0.513671875,885,292,943,331,692.3909301757812,28.78045654296875,True,True,True
weast,365,385,7,0.50390625,688,290,821,477,523.43017578125,160.0877227783203,False,True,False
weast,366,257,2,0.4111328125,195,282,356,410,192.593505859375,94.6079330444336,True,True,True
weast,366,356,2,0.2705078125,660,277,706,309,521.9000244140625,3.6575779914855957,True,True,True
weast,366,374,7,0.50390625,689,290,818,473,522.7257080078125,160.0877227783203,False,True,True
weast,366,308,2,0.1859130859375,1,280,191,424,60.34823989868164,109.7802963256836,True,True,True
weast,366,384,2,0.513671875,885,292,944,331,692.3909301757812,28.78045654296875,True,True,True
weast,366,385,2,0.5869140625,688,290,821,476,523.43017578125,160.0877227783203,False,True,True
weast,366,386,7,0.363037109375,195,282,356,410,192.593505859375,94.6079330444336,True,True,False
weast,367,356,2,0.21337890625,666,279,712,311,526.0374145507812,5.479836940765381,True,True,True
weast,367,374,7,0.63525390625,695,292,816,467,526.6989135742188,152.69496154785156,False,True,True
weast,367,308,7,0.4111328125,11,278,309,415,107.88986206054688,90.56135559082031,True,True,True
weast,367,384,2,0.332763671875,893,295,947,332,696.2609252929688,30.543432235717773,True,True,True
weast,368,356,2,0.2120361328125,665,279,711,311,525.2537231445312,5.479836940765381,True,True,True
weast,368,374,7,0.638671875,694,292,814,465,526.2481689453125,151.95132446289062,False,True,True
weast,368,308,7,0.4111328125,12,278,345,412,121.2947998046875,88.93634033203125,True,True,True
weast,368,384,2,0.319091796875,893,295,946,331,695.8696899414062,29.662460327148438,True,True,True
weast,368,257,7,0.381103515625,205,280,364,406,199.4915313720703,92.18270874023438,True,True,True
weast,369,356,2,0.127197265625,668,276,715,308,528.4638061523438,2.744819164276123,True,True,True
weast,369,374,7,0.68408203125,698,289,816,455,530.9765625,144.4705352783203,False,True,True
weast,369,308,7,0.6259765625,8,275,368,413,128.74993896484375,88.12246704101562,True,True,True
weast,369,384,2,0.375732421875,898,293,954,332,701.2688598632812,29.662460327148438,True,True,True
weast,369,257,7,0.17724609375,212,278,370,403,205.0204620361328,88.93634033203125,True,True,True
weast,370,356,2,0.134765625,667,276,715,308,528.4638061523438,2.744819164276123,True,True,True
weast,370,374,7,0.6806640625,698,288,815,453,530.2640991210938,144.4705352783203,False,True,True
weast,370,308,7,0.62451171875,4,275,376,414,130.0000457763672,92.18270874023438,True,True,True
weast,370,384,2,0.375732421875,898,293,955,333,701.2688598632812,29.662460327148438,True,True,True
weast,370,257,7,0.1766357421875,212,278,370,403,205.0204620361328,88.93634033203125,True,True,True
weast,371,356,2,0.276611328125,666,275,714,306,527.9652099609375,1.8309710025787354,True,True,True
weast,371,374,7,0.615234375,697,287,812,449,531.1951293945312,137.6682891845703,False,True,True
weast,371,308,7,0.56396484375,2,274,378,413,130.09292602539062,90.56135559082031,True,True,True
weast,371,384,2,0.445556640625,899,291,956,329,702.8079833984375,27.897417068481445,True,True,True
weast,371,257,2,0.1357421875,213,277,370,401,205.1092071533203,88.12246704101562,True,True,True
weast,372,356,2,0.1895751953125,665,272,713,303,528.3273315429688,-1.8353506326675415,True,True,True
weast,372,374,7,0.5947265625,695,283,804,441,531.0338745117188,127.72445678710938,False,True,True
weast,372,308,7,0.449462890625,0,270,375,410,127.96321105957031,88.93634033203125,True,True,True
weast,372,384,2,0.45703125,898,288,954,328,703.1895751953125,25.24207305908203,True,True,True
weast,372,257,7,0.281494140625,209,273,367,398,203.14825439453125,85.67533111572266,True,True,True
weast,373,356,2,0.3720703125,664,272,712,303,527.2529296875,-0.9171268939971924,True,True,True
weast,373,374,7,0.59814453125,694,283,799,436,530.1925659179688,123.86210632324219,False,True,True
weast,373,308,7,0.5888671875,0,270,372,414,127.08771514892578,91.37248992919922,True,True,True
weast,373,384,2,0.33447265625,896,288,948,326,700.09521484375,25.24207305908203,True,True,True
weast,373,257,7,0.1683349609375,206,273,365,399,200.92044067382812,85.67533111572266,True,True,True
weast,374,356,2,0.350341796875,665,271,711,302,527.5398559570312,-1.8353506326675415,True,True,True
weast,374,374,7,0.61865234375,693,282,795,433,529.8060913085938,120.75691986083984,True,True,True
weast,374,308,7,0.517578125,0,270,370,414,126.3480224609375,91.37248992919922,True,True,True
weast,374,384,2,0.204345703125,895,287,947,324,700.0885009765625,23.46664047241211,True,True,True
weast,374,257,2,0.1456298828125,205,272,364,398,200.26405334472656,84.85777282714844,True,True,True
weast,375,356,7,0.1510009765625,661,271,711,302,526.2513427734375,-2.7546732425689697,True,True,True
weast,375,374,7,0.5078125,692,281,790,431,528.4263305664062,118.41905212402344,True,True,True
weast,375,308,7,0.556640625,0,269,366,413,124.9122085571289,90.56135559082031,True,True,True
weast,375,384,2,0.204345703125,893,286,945,324,698.53955078125,23.46664047241211,True,True,True
weast,375,257,7,0.245849609375,203,271,361,399,198.7779998779297,84.85777282714844,True,True,True
weast,376,356,2,0.1865234375,658,270,708,302,523.8875732421875,-2.7546732425689697,True,True,True
weast,376,374,2,0.451416015625,690,283,785,427,526.57958984375,115.28983306884766,True,True,True
weast,376,308,7,0.533203125,0,269,363,413,123.3892822265625,91.37248992919922,True,True,True
weast,376,384,2,0.38671875,889,285,944,324,696.216064453125,23.46664047241211,True,True,True
weast,376,257,7,0.1925048828125,201,272,359,400,197.2919464111328,84.85777282714844,True,True,True
weast,377,356,2,0.139404296875,658,270,706,302,523.099609375,-2.7546732425689697,True,True,True
weast,377,374,2,0.486328125,688,283,781,422,525.718505859375,111.35881042480469,True,True,True
weast,377,308,7,0.505859375,0,269,360,413,122.69190216064453,90.56135559082031,True,True,True
weast,377,384,2,0.39990234375,885,285,943,324,695.0480346679688,22.577354431152344,True,True,True
weast,377,257,7,0.24365234375,197,271,357,400,194.97958374023438,85.67533111572266,True,True,True
weast,377,387,7,0.418701171875,688,282,783,424,526.1827392578125,112.14675903320312,True,True,False
weast,378,356,2,0.154052734375,657,269,705,302,522.5960693359375,-3.6750965118408203,True,True,True
weast,378,308,7,0.56591796875,0,268,359,410,121.99374389648438,89.74930572509766,True,True,True
weast,378,384,2,0.42822265625,886,284,939,320,694.640869140625,19.90321159362793,True,True,True
weast,378,257,7,0.182373046875,196,271,355,399,193.5768280029297,84.85777282714844,True,True,True
